,Company,Position,Connected On,Full Name
0,Stefanini Brasil,Analista Programador Senior,18 Jan 2021,Jose Brown
1,Akaer,Analista de Dados,18 Jan 2021,Jessica Smith
2,Cloud Devs,Consultant,18 Jan 2021,Monica Summers
3,Unimed Sul Capixaba,Analista de BI Jr - Analista de Sistemas - Business Intelligence - DBA,16 Jan 2021,Christopher Edwards
4,Gerencianet,Data Analyst,15 Jan 2021,Lisa Thomas
5,CAPES - Coordenação de Aperfeiçoamento de Pessoal de Nível Superior,Bolsista,15 Jan 2021,Randall Richardson
6,Via Reversa,Desenvolvedor FrontEnd Vue / Python Jr.,14 Jan 2021,Megan Becker
7,Distrilaf,Analista de Sistemas,14 Jan 2021,Allison Parsons
8,Invillia,Backend Developer,13 Jan 2021,Christopher Zimmerman
9,Avenue Code,Frontend Developer,13 Jan 2021,Caitlin Smith
10,Crefisa,Analista de sistema,12 Jan 2021,Breanna Holland
11,Hybrid Formula-E Team ,Membro do núcleo de estudos HYBRID FORM-E TEAM,12 Jan 2021,Natalie Horton
12,prestd,Software Developer Internship,12 Jan 2021,Laura Higgins
13,BioCatch,"Director, Pre-sales & PS for LATAM ",12 Jan 2021,Ashley Miller
14,Bradesco,Analista de Políticas de Crédito Jr,11 Jan 2021,Michael Fowler
15,Prefeitura Municipal de Nova Trento,Professor - Desenvolvedor de Projetos Sociais - Indicador Google - ,11 Jan 2021,Ethan Pugh
16,"URJA Social - Tecnologia, Gestão e Operação Ltda", Commercial Director,11 Jan 2021,John Duncan
17,Paulo,Analista de suporte de TI,11 Jan 2021,Veronica Munoz
18,PepsiCo,Sales Intern,11 Jan 2021,Shannon Jennings
19,Zup Innovation,Desenvolvedora Back-end Java,11 Jan 2021,Benjamin Knight
20,CrediSIS,"Software Development, Systems Analysis and User Support Team Leader",11 Jan 2021,Sara Ward
21,Zup Innovation,Tech Lead,11 Jan 2021,Brenda Cabrera
22,TQI,Desenvolvedor para iOS,11 Jan 2021,Robert Payne
23,KaBuM!,Analista de sistemas,11 Jan 2021,Chelsey Perry
24,Mercantil do Brasil,Escriturário,09 Jan 2021,Linda Gonzalez
25, EXPN Consultoria em desenvolvimento de software,Estagiário,08 Jan 2021,Ronald Ford
26,Universidade Federal de Santa Catarina,Researcher,08 Jan 2021,Kyle Jones
27,everis,QA Acessibilidade,08 Jan 2021,Cathy Boyd
28,Drogaria Araujo S/A,Continuous Improvement Analyst,07 Jan 2021,Destiny West
29,Teltec Solutions,Development and Research Analyst,07 Jan 2021,Cody Meyer
30,Elumini Outdoing IT,Analista de sistemas sênior,07 Jan 2021,Eric Buck
31,Infofast Cursos Profissionalizantes,Instrutor de Microsoft Excel Avançado e Microsoft Power BI,07 Jan 2021,Paul Reyes
32,Natura,Pesquisador em Ciências do Bem-estar,05 Jan 2021,Justin Hughes
33,Nouryon,Estagiário de Engenharia de Processos,05 Jan 2021,Joshua Johnson
34,Construtora Cim,Information Technology Support Specialist,05 Jan 2021,Tracey Fields
35,Secretaria de Saúde do Ceará,Head of Analytics,05 Jan 2021,Tammy Miller
36,CEEE,Funcionário público,04 Jan 2021,Morgan Morris
37,Laticínios Tirol,Especialista de Logística,02 Jan 2021,Brian Moore
38,Teachinguide.com,Founder,02 Jan 2021,Mr. Victor Simmons MD
39,Grupo Casa Magalhães,Desenvolvedor de Software,01 Jan 2021,Jonathan Ortiz
40,Aeris Energy,Engineering Processist,01 Jan 2021,Amanda Lee
41,Stefanini,Líder de Processos,01 Jan 2021,Joshua Juarez
42,Eldorado Brasil Celulose S/A,System Analyst,31 Dec 2020,Norma Carter
43,Inteligencia de Negocios,Gerente de serviços e Pré-Venda,31 Dec 2020,Kimberly Herman
44,Radix Engenharia e Software,Global Head of Data Science & AI,31 Dec 2020,Teresa Wagner
45,International Institute of Physics - UFRN,Systems Development Analyst,31 Dec 2020,Christopher Spencer
46,Beegol,Data Scientist,31 Dec 2020,Peggy Price
47,Sociedade Porvir Cientifico - Rede La Salle e Ensino,Data Scientist | Controladoria,31 Dec 2020,Maria Johnson
48,Ecori Energia Solar,Desenvolvimento comercial,31 Dec 2020,Sarah Peterson
49,Decode,Data Science Manager,31 Dec 2020,Zachary Allen
50,FDC TECNOLOGIA,Information Technology Analyst,30 Dec 2020,Mrs. Rachel Gaines
51,Nenhuma,Estudante de Graduação,30 Dec 2020,Michael Ball
52,Corptocorp Org,Technical Recruiter,29 Dec 2020,Richard Delacruz
53,TOTVS,Técnico de Qualidade,28 Dec 2020,Taylor Lewis
54,Hotmart,Analista de estratégia do negócio,28 Dec 2020,Justin Barnett
55,Betha Sistemas,Analista de Suporte e Implantação I,26 Dec 2020,Jennifer Singh
56,Sisaut Tecnologia,Desenvolvedor da web,26 Dec 2020,Lindsay Reeves
57,Eleva Educação,Analista de software,26 Dec 2020,Elizabeth Anderson
58,Petrobras,Inspeção,24 Dec 2020,Shannon Robinson
59,Vero Internet,Analista de monitoramento (NOC),23 Dec 2020,Ashley Harrison
60,Deal,Analista de dados,23 Dec 2020,Cathy Stewart
61,Paraná Banco S/A,Cientista de dados,23 Dec 2020,Christina Gonzalez
62,Brave.ag,Business Manager,23 Dec 2020,Melissa Harrell
63,Prefeitura Municipal de Caraguatatuba ,Estagiário,23 Dec 2020,Christian Friedman
64,CCR Metrô Bahia,Operador de Sistemas de Tração,22 Dec 2020,John Mills
65,Home Office,Estudante em tempo integral,21 Dec 2020,David King
66,Delaxy Marketplace,Analista de Marketing Digital,19 Dec 2020,Lisa Bass
67,Centro Universitário São Lucas,Professor Universitário,17 Dec 2020,Samuel Lopez
68,Autônomo,Autônomo,17 Dec 2020,Tammy Brown
69,Centro Universitário de União da Vitória UNIUV,Professor,16 Dec 2020,Jon Duke
70,ByteCom Sistemas e Serviços Ltda,Analista Programador,16 Dec 2020,Julie Wagner
71,WF Estruturas e Sistemas,Agente de melhoria contínua,16 Dec 2020,Kenneth Riley
72,MachLab,Co-fundador | Engenheiro de dados,16 Dec 2020,Jonathan Roy
73,Armazém de Documentos,CEO em Armazém de Documentos,16 Dec 2020,Mallory Watson
74,Senac Santa Catarina,Professor de graduação e pós graduação ,16 Dec 2020,Elizabeth Maldonado
75,Hub Fintech ,Software Engineer,16 Dec 2020,Brittany Miller
76,Mixtel Atacado,Gerente de Projetos,15 Dec 2020,Mark Livingston
77,Tribunal de Justiça Militar de São Paulo,Systems Specialist,15 Dec 2020,Erin Haas
78,Deloitte Brasil,Analista de Sistemas JR,15 Dec 2020,James Chen
79,Creditas,Data Scientist Trainee,15 Dec 2020,Brittany Garcia
80,UPFLUX Advanced Analytics,Researcher in Computer Science and Artificial Intelligence,15 Dec 2020,Elizabeth Logan
81,iTER Software de Rastreamento e Telemetria,Frontend Developer,15 Dec 2020,Kristie Rogers
82,MC1 - Win The Market,Analista Programador Pleno,15 Dec 2020,Cynthia Nelson DDS
83,Bravo - Serviços Logísticos,Assistentente de sistemas,15 Dec 2020,Christine Fernandez
84,EBSERH,Desenvolvedor Java,15 Dec 2020,Lisa Oneal
85,Estamos aqui para cuidar de você,Somos uma empresa Offshore e Onshore,15 Dec 2020,Vicki Rush
86,Universidade Federal do Rio de Janeiro,Pesquisadora de Doutorado,11 Dec 2020,Michael Fuller
87,"AC Tecnologia - Áudio/Vídeo, Automação Corporativa, Residencial, e Gov.",Territory Account Manager,11 Dec 2020,Mr. Glen Mueller
88,ARISB-MG,Analista de Fiscalização e Regulação,11 Dec 2020,Alisha Moore
89,Dasa,Data Scientist,10 Dec 2020,Natalie Rocha
90,Confidential,Machine Learning Developer - Jr.,08 Dec 2020,Daniel Perez
91,Cervejaria Ambev,Supervisor Senior de Logística,08 Dec 2020,Chase Ruiz
92,Centro de Inovação EDGE,Desenvolvedor Júnior,08 Dec 2020,Timothy Johnson
93,Bradesco,Data Engineer,08 Dec 2020,Jeffrey Diaz
94,Rede,Técnico,08 Dec 2020,Brett Hurley
95,"Secretaria Municipal de Meio Ambiente, Saneamento e Recursos Hídricos de Cristalina Goiás ",Supervisor de Meio Ambiente,08 Dec 2020,Charlotte Hurst
96,Conselho Baiano de Turismo,Vice-presidente,07 Dec 2020,Casey Curry
97,Veterinário,Veterinário,07 Dec 2020,Deanna Harris
98,Grupo SEPAC,Desenvolvedor de Sistemas,07 Dec 2020,Todd Mendoza
99,Unimed Federação Rio,Gerente Administrativo - Gestão de Pessoas,04 Dec 2020,Joshua Moses
100,Grupo GFT,Engenheiro de dados,03 Dec 2020,Randy Perez
101,Unimed Nordeste Paulista - Federacao Intrafederativa Das Cooperativas Medicas,Analista de Negócios ,03 Dec 2020,Craig Donaldson
102,CreativeCode,Full Stack Developer,03 Dec 2020,Diana Torres
103,Mater Misericordiae University Hospital,Data Analyst,03 Dec 2020,Alexander Randall
104,Caixa Econômica Federal,Funcionário,03 Dec 2020,Tracey Simmons
105,University of Aberdeen,Honorary chair in Computing Science,02 Dec 2020,Holly Shaw
106,BEHIVE TECNOLOGIA,TX NETWORK ANALYST,02 Dec 2020,Jessica Gibbs
107,Embarcados,Writer,01 Dec 2020,Jon Wallace
108,Centro de Excelência em Inteligência Artificial (CExIA) & Deep Learning Brasil,Researcher,01 Dec 2020,Wayne Mcbride
109,dti digital,Machine Learning Engineer,01 Dec 2020,Tina Lucas
110,Prefeitura Municipal de Tijucas - SC,Analista de TI,01 Dec 2020,Kimberly Graham
111,Skillarena,Business Growth Executive,01 Dec 2020,Mike Romero
112,SkillArena,Co-Founder,01 Dec 2020,Richard Holland
113,NVIDIA,Sales Development Specialist- LATAM/Canada,01 Dec 2020,Lucas Bullock
114,MobFirst,Comercial,30 Nov 2020,Charles Davis
115,Autônomo,Desenvolvedor de aplicativos (Python / Django),30 Nov 2020,Alejandro Green
116,Universidade Estadual do Norte do Paraná - UENP,Professor adjunto,30 Nov 2020,Jennifer Avery
117,Whirlpool Corporation,Analista de Projetos e Automação,28 Nov 2020,Mitchell Brown
118,Ipiranga,Cientista de Dados,27 Nov 2020,Samuel Smith
119,Unipar - Universidade Paranaense,Estagiário,27 Nov 2020,Mark Juarez
120,SLT Labs,Fundador,27 Nov 2020,William King
121,KPMG,Risk Advisory Solutions (RAS) Manager ,27 Nov 2020,Diane Dixon
122,Office Inn,Coordenador administrativo,26 Nov 2020,Richard Price
123,Alual Festas,Analista de ecommerce,25 Nov 2020,Jason Bruce
124,Safra,Digital Manager,25 Nov 2020,Jason Perkins
125,APUS Digital,Engenheiro de IA,25 Nov 2020,Michael Cisneros
126,ICT Lab (Information and Communications Technologies Laboratory),Research Intern,25 Nov 2020,Donald Wong
127,Universidade Federal de Pernambuco,Estudante de Graduação,25 Nov 2020,Connie Adams
128,Altran,Head of Analytics & A.I Expertise Centre,25 Nov 2020,Danielle Payne
129,Braindness,Estrategista de comunicação,25 Nov 2020,Robert Kline PhD
130,Marlo,Analista e Desenvolvedor de Sistemas ,25 Nov 2020,Robert Miller
131,Global Park (Grupo Patropi),ANALISTA ADMINISTRATIVO,25 Nov 2020,Kelsey Richards
132,Ambev Tech,Analista desenvolvedor júnior,25 Nov 2020,Leah Evans
133,MWV Rigesa,Analista de Microinformática Jr,25 Nov 2020,Ronald Wilson
134,Itaú Unibanco,Estágio em Desenvolvimento de Software,25 Nov 2020,Jason Terry
135,Neotriad S/A,Desenvolvedor,23 Nov 2020,Ernest Glenn
136,Sodexo Benefícios e Incentivos,Analista de Testes de Software,23 Nov 2020,Christopher Lawson
137,Red Hat,Cloud Consultant,23 Nov 2020,Elizabeth Mitchell
138,BTG Pactual,HR Analytics & Efficiency,23 Nov 2020,Jason Smith
139,ECT - Empresa De Correios e Telégrafos,Agente de Correios - Suporte,23 Nov 2020,Sarah Gray
140,robertinhogaspar702@gmail.com,Atendimento ao cliente,21 Nov 2020,Evelyn Parker
141,Ecotrace Solutions,IT Project Manager,20 Nov 2020,Jennifer Frazier
142,Albieri e Associados Tax & Finance,Senior Sales Marketing,20 Nov 2020,Mariah Abbott
143,Sensorweb,P&D,20 Nov 2020,Andrew Ingram
144,Santander Brasil,Analista de Metodologia I,20 Nov 2020,Matthew Manning
145,Grão Inteligência,Cientista de dados,20 Nov 2020,John Tucker
146,Printi,Coordenador de Business Intelligence,19 Nov 2020,Daniel Harris
147,SetraBH - Sindicato das Empresas de Transporte de Passageiros de Belo Horizonte,Coordenador,18 Nov 2020,Shannon Smith
148,Grupo T2,Gerente financeiro,18 Nov 2020,Joshua Garrett
149,Youbot Inteligência Artificial,CEO,17 Nov 2020,Joseph Lewis
150,Consisa Sistemas,Analista de Testes,17 Nov 2020,Crystal Moore
151,Assessoria Empresarial Guandalini,Proprietário,17 Nov 2020,Mrs. Melinda Gonzalez
152,Kodo Interactive ,Administrative Lead,16 Nov 2020,Michael Blair
153,"CONFIO CONSORCIOS = REPRESENTANTE AUTORIZADO BR CONSORCIOS, CAIXA CONSÓRCIOS E ANCORA CONSORCIOS.",REPRESENTANTE COMERCIAL,16 Nov 2020,Jacob Hill
154,Appen,Data Scientist,16 Nov 2020,Christina King
155,Soul Code Jr,Cientista de dados,16 Nov 2020,Robert Morgan
156,HAB Int Business Institute,Founder - CEO at HAB Int Business Institute,16 Nov 2020,Stephanie Brooks
157,BI Solutions,Analista de BI,16 Nov 2020,Carla Reyes
158,SUEZ - Water Technologies & Solutions,Data Analyst Intern,16 Nov 2020,Matthew Gonzalez
159,Coopersystem,Data Scientist,14 Nov 2020,Shawn Mahoney
160,Unimed de Araraquara,Coordenador de Logística e Suprimentos,14 Nov 2020,Robert Rubio
161,Udemy,Instructor Partnerships Manager ,14 Nov 2020,Jennifer Yates
162,Five Tech Solutions,Desenvolvedor de produtos,14 Nov 2020,Stephanie Sanchez
163,DataForest,Analista de BI,13 Nov 2020,Justin Peters
164,cDataLab,Consultant,13 Nov 2020,Andrew Martinez
165,MField,Estagiário em Análise de Dados,13 Nov 2020,Christie Mosley
166,FRUM TECNOLOGIA EM FREIOS,Supervisor Manutenção Elétrica,13 Nov 2020,Sarah Wagner
167,Sensorweb,Analista de Suporte Computacional - P&D,13 Nov 2020,Meredith Cooley
168,MUTANT BR,Business Intelligence Analyst,12 Nov 2020,Yesenia Duffy
169,Freelance,Judicial Expertise Assistant,12 Nov 2020,Kenneth Brown
170,GAIPS Lab,Student Researcher,11 Nov 2020,Jack Wright
171,Governo do Estado de São Paulo,Supervisor,11 Nov 2020,Stacy Holland
172,Sicredi,Especialista de concessão de crédito,11 Nov 2020,Brandon Beck
173,Universidade Estadual de Campinas,Professor Associado,08 Nov 2020,Meghan Smith
174,CCR S.A.,Analista de Sustentabilidade ,08 Nov 2020,Latasha Elliott
175,Stone,Data Analyst,07 Nov 2020,Gina Morgan DVM
176,Universidade de São Paulo,Undergraduate Research Fellow,07 Nov 2020,Jamie Miller
177,BRF S.A.,Analista administrativo Pleno - CSC,07 Nov 2020,Kristie Parrish
178,"Inmetro - Instituto Nacional de Metrologia, Qualidade e Tecnologia",Aluno de pós-graduação,07 Nov 2020,Valerie Santiago
179,Localiza,Cientista de dados,07 Nov 2020,Kevin Munoz
180,Cummins Inc.,Data Science Intern,07 Nov 2020,Theresa Nguyen
181,Datarisk,Cientista de dados,07 Nov 2020,Albert Lewis
182,freelance,Freelancer,07 Nov 2020,Brendan Thomas
183,Hotmart,Data Science Manager,07 Nov 2020,Tracey Travis MD
184,Embraer - Empresa Brasileira de Aeronáutica S.A.,IT System Analyst,07 Nov 2020,Alyssa Cox
185,Mindsight,Data Science Intern,07 Nov 2020,Lindsey Robinson
186,Neuron - Data Science and Artificial Intelligence,Membro de Projetos,07 Nov 2020,Mary Duke
187,Zenvia Mobile,Data Engineer,07 Nov 2020,Gregory Lewis
188,Systax,Senior Account Executive,05 Nov 2020,Ricardo Peters
189,Núcleo de Gerenciamento Pará Rural,Information Technology Intern,05 Nov 2020,Joshua Reed
190,Ourofino Saúde Animal,Senior Supply Chain Analyst,05 Nov 2020,Luke Morris
191,Hotmart,Data Scientist,05 Nov 2020,Beverly Sims
192,Megawork Consultoria,Power BI Consultant,05 Nov 2020,Eric Harrington
193,Nacional Gás Butano Distribuidora Ltda,Supervisor de Operações (Logística),05 Nov 2020,Susan Patel
194,Sal Express Soluções Logísticas,Data Processing Assistant,05 Nov 2020,Melissa Galvan
195,Alex Rodrigues Alves - Advogado e Consultor Jurídico,Advogado,05 Nov 2020,Amber Rogers
196,Autônomo,Desenvolvedor Web,03 Nov 2020,Linda Howell
197,BRIDGE - Rede de Excelência em Ciência e Tecnologia do Estado de Sergipe,Founder e Cientista Chefe,03 Nov 2020,Christopher Ray
198,Universidade Federal do Rio Grande do Norte,Bolsista,03 Nov 2020,Timothy Bailey
199,BBChain,CEO,03 Nov 2020,Brian Myers
200,Solda Fria Produções,CEO - Motion Designer,03 Nov 2020,Bryan Lane
201,A GERADORA,Business Intelligence Analyst,03 Nov 2020,Megan Reese
202,Leega,Governança de Dados & LGPD,02 Nov 2020,Deanna Colon
203,içougue®,Founder & CEO,02 Nov 2020,Jade Hernandez
204,FUNPAR - Fundação da Universidade Federal do Paraná,"Consultor na área de computação, infraestrutura, desenvolvimento e gestão de TI",02 Nov 2020,Micheal Chavez
205,Saint-Gobain,Data Analyst ,30 Oct 2020,Sandy Noble
206,"GREMI - Grupo de Pesquisa em Economia, Meio Ambiente e Inovação",Aluno Pesquisador,30 Oct 2020,Ronald Mckay
207,Tecno System EJ,Project Director,29 Oct 2020,James Brown
208,Valour Informática,Consultor,29 Oct 2020,Elizabeth Porter
209,Capgemini,Analista de business intelligence,28 Oct 2020,Nicole Sanford
210,Universidade Federal do Paraná,Mestranda em Engenharia Ambiental,28 Oct 2020,Derek Joyce
211,PUC-SP,Professor,27 Oct 2020,Michelle Kaufman
212,Anamar Comércio e Transportes Ltda,Analista de logística de transporte,27 Oct 2020,Joshua Wright
213,Expert System ,Consultor de Power BI,27 Oct 2020,Darrell Rodriguez
214,IBOPE DTM Marketing de Relacionamento,Data Analyst DBM,27 Oct 2020,Tabitha Padilla
215,Multiplan Empreendimentos S.A.,Supervisor de Projetos - BI,27 Oct 2020,Laura Pope
216,Smarppy Consultoria e Desenvolvimento de Software,Desenvolvedor de aplicativos móveis,26 Oct 2020,Kelly Hardy
217,Urbe Mobile,Software Developer and Team Leader,26 Oct 2020,Ashley Newman
218,ADRITEC SUPORT MANUTENÇÃO,Proprietário,26 Oct 2020,Daniel Johnson
219,Braspag,Analista de Desenvolvimento TI,26 Oct 2020,Brian Nunez
220,DASEL CORRETORA,Executivo de vendas,26 Oct 2020,Marissa Gordon
221,Geophysique,Sr. Geophysicist,26 Oct 2020,Destiny Krueger
222,Compasso,Back End Developer,24 Oct 2020,Debra Martin
223,Synvia, Analista de Data Science,23 Oct 2020,Harold Edwards
224,CotaBest,Cientista de dados,23 Oct 2020,Kayla Perkins
225,FCA Fiat Chrysler Automobiles,Internship,23 Oct 2020,Cody Conway
226,Prefeitura Municipal de Pomerode,Professor,22 Oct 2020,Bradley Moore
227,Saint-Gobain,South America Senior Data Science Manager,21 Oct 2020,Michael Flores
228,IBM Brasil,Administrador de sistemas Linux Unix,20 Oct 2020,Marc Mcclure
229,Via Varejo SA,Data Scientist,20 Oct 2020,Aaron York
230,"GoGlobalTips, LookDigital, Glasses4.0, Tsuha Sushi Wine, Hotel Boutique Bela Vista",Executive Director,20 Oct 2020,Mrs. Brandi Peterson
231,MINDS - Machine Intelligence and Data Science Laboratory,Pesquisador,20 Oct 2020,Charles Tucker
232,Indra,Engenheiro de Dados,19 Oct 2020,Allison Jensen
233,Farmácias Pague Menos,Business Intelligence | Big Data Tech Lead,19 Oct 2020,Jamie Guerrero
234,AI Inclusive,Marketing and Partnerships Manager,19 Oct 2020,Andrea Cooper
235,Zoox Smart Data,Analista de dados,19 Oct 2020,Matthew Simmons
236,Dankia Automação Hospitalar,Owner,19 Oct 2020,Rachel Bowman
237,Yoga Alliance,Professora de Yoga,19 Oct 2020,James Morris
238,Proxxi Technology an IBM Company,Tecnico de Manutenção de Sistemas e Instrumentos,17 Oct 2020,Joanna Bean
239,Supermercados Guanabara,Preparador de Dados,17 Oct 2020,Tammy Garcia
240,Ms Soluções Médicas,Proprietário,16 Oct 2020,Christina Adams
241,Alelo Brasil,Data Science Senior,16 Oct 2020,Abigail Watson
242,Ticket,Analista de Business Intelligence,16 Oct 2020,Joseph Parker
243,Nubank,Software Engineer,16 Oct 2020,Pedro Stevenson
244,Centro Universitário Adventista de São Paulo,Assistente Administrativo,16 Oct 2020,Valerie Johnson
245,B3,Trader Autônomo,16 Oct 2020,Miguel Robinson
246,Institute for Applied Economic Research (Ipea),IT Consultant,16 Oct 2020,Sandra Peters
247,IPEMIG,Analista de Dados,16 Oct 2020,Michele Smith
248,Incognia,Senior Data Scientist,15 Oct 2020,Julian Walker
249,Funcional Health Tech,Analista de processos e qualidade,14 Oct 2020,Stephanie Smith
250,CGA Compañía General Automotriz de Colombia S.A.S.,Director Negocios Especiales ,13 Oct 2020,Jason Miller
251,Agrosepac,Mobile Developer,13 Oct 2020,Desiree Fleming
252,Student/Self-Employed (Full Time Data Science Student),Data Scientist,13 Oct 2020,Dr. Kimberly Williams
253,TQS - Escritório Individual de Advocacia,Advogado,12 Oct 2020,Gregory Williams
254,Universidade Federal do Rio de Janeiro,Voluntário de Iniciação Científica na CNPq,10 Oct 2020,Bethany Mendez
255,AngelLira Rastreamento Satelital,Analista Desenvolvedor,09 Oct 2020,Scott Villegas
256,Setup Automação - Soluções em automação Industrial desde 1996,Técnico em Automação Industrial,09 Oct 2020,Donald Morgan
257,FIA Business School,Professor colaborador,09 Oct 2020,Tiffany Pennington
258,Oracle,Data scientist,09 Oct 2020,Jennifer Smith
259,Cencosud S.A.,Analista de risco operacional,09 Oct 2020,Lisa Sanchez
260,MAX3D,CEO,09 Oct 2020,Crystal Mendoza
261,Ajudapet.org,CEO,09 Oct 2020,Charles Cook
262,Hospital Estadual Mário Covas,Segurança,07 Oct 2020,Wayne Flowers
263,Metrô de São Paulo,Operation Engineer,07 Oct 2020,Lisa Rivera
264,Avanade,"Sr Anls, Analytics Experience",06 Oct 2020,Shannon Hoffman
265,"Secretaria de Mineração, Indústria, Comércio, Ciência e Tecnologia ",Estagiário ,06 Oct 2020,Ryan Gonzalez
266,Prefeitura do Rio de Janeiro,Subsecretario Geral Executivo,05 Oct 2020,Sandra Rogers
267,Petrobras,Engenheiro de produção - Gerente Setorial,05 Oct 2020,Maria Castillo
268,Safeweb Segurança da Informação,Analista de suporte técnico,05 Oct 2020,Dorothy Fletcher
269,GEBank/1Driver/Comdesconto,CEO,05 Oct 2020,Keith Wagner
270,HFocus,Head of Data Science,05 Oct 2020,John Hill
271,Senior Sistemas,Analista de Suporte I,05 Oct 2020,Tammy Duncan
272,Taqtile Brasil,Co-Founder,05 Oct 2020,Stephen Miller
273,Somar ,Gerente Comercial,05 Oct 2020,Tamara Pena
274,Icaro Tech,Data Scientist,05 Oct 2020,Steven Nguyen
275,Audasi ,Desenvolvedor,03 Oct 2020,Alan Berry
276,Creditas,Business Analyst Jr.,02 Oct 2020,Michael Jones
277,IcompSoft Sistemas de Informação LTDA,"Co Founder, Diretor",01 Oct 2020,Terri Hancock
278,Suzano,Técnico de logística II,01 Oct 2020,Robin Adams
279,Indra,Project Leader,01 Oct 2020,Benjamin Clark
280,Agrotis Agroinformática,Analista de sistemas,01 Oct 2020,Theresa Garcia
281,Magazine New,Gerente financeiro,01 Oct 2020,Laura Black
282,Reali Studio,Proprietário,01 Oct 2020,Gabriela Reynolds
283,MAGNA SISTEMAS,Analista Big Data Jr.,30 Sep 2020,Brandy Golden
284,Salt RH,Cientista de dados pleno,29 Sep 2020,Lance Hamilton
285,Tata Consultancy Services,Data Specialist,29 Sep 2020,Joseph Burns
286,Genesis Sistemas & Inteligência Artificial,CEO,29 Sep 2020,Jerry Hughes
287,Voxiva Perú,Junior Data Scientist,29 Sep 2020,Samantha Harris
288,Prefeitura Municipal de Mallet,Auxiliar Administrativo,29 Sep 2020,Briana Berger
289,Gmobil Sistemas,Desenvolvedor,29 Sep 2020,Juan Morrow
290,Unimed Curitiba,Analista de Regulação em Saúde,28 Sep 2020,Shawn Coleman
291,Ipiranga Produtos De Petroleo,Analista de laboratório,28 Sep 2020,Philip Cook
292,Datatype,System Analyst,25 Sep 2020,Karen Brown
293,Universidade do Estado do Rio Grande do Norte,Assistant Professor,25 Sep 2020,James Cox
294,Prepara Cursos - SJP,Gerente Comercial e Marketing,24 Sep 2020,Christina Thomas
295,Passalacqua & Cia Ltda,TI - Infraestrutura,24 Sep 2020,Angela Raymond
296,Prefeitura Municipal de Ilha Solteira,Estagiário em Desenvolvimento de Software,24 Sep 2020,Raymond Diaz
297,FitBank Pagamentos Eletrônicos,Project Development Coordinator,24 Sep 2020,Kim Waller
298,FACIT - Faculdade de Ciências do Tocantins,Diretor Executivo,24 Sep 2020,William Jackson
299,Amvian Indústria e Comércio de Peças Automotivas,Líder de qualidade,23 Sep 2020,Gary Ingram
300,CEPEM,Líder de Planejamento e  Controle Operacional,22 Sep 2020,Shannon Campbell
301,Reclame Aqui,Technical Account Manager,22 Sep 2020,Diane Whitehead
302,QSdoBrasil,Gestão de projetos,22 Sep 2020,Laura Valenzuela
303,Freelancer,3D Artist,22 Sep 2020,Sandy Duffy
304,4Tune.ai,Data Science Intern,22 Sep 2020,Christopher Jones
305,Meritt - Cada aluno é único,Consultor em Arquitetura de Software ,22 Sep 2020,April Walker
306,Sicredi,Gerente de Negócios / Investimentos,22 Sep 2020,Sherry Johnson
307,PwC,"Finance Manager, Controller",22 Sep 2020,Rachel Smith
308,Vórtx,Solutions Architect,22 Sep 2020,Emily Ramos
309,EDICOM,International Account Manager,21 Sep 2020,Samantha Smith
310,BTG Pactual digital,Data Scientist,21 Sep 2020,Monica Dixon
311,Centro de Excelência em Inteligência Artificial (CExIA) & Deep Learning Brasil,Researcher,21 Sep 2020,Lindsay Ross
312,Monitora Soluções Tecnológicas,Estagiário,21 Sep 2020,Larry Griffin
313,Sensorweb,Suporte & Operação,21 Sep 2020,Melanie George
314,Inglês Particular,English Teacher,21 Sep 2020,Megan Aguirre
315,Hypera Pharma,Analista BI - SR,20 Sep 2020,Ashley Miller
316,tembici.,Data Scientist,20 Sep 2020,Katherine Walter
317,Wenovity,Computer Vision Engineer ,19 Sep 2020,Amy Mcneil
318,Repom S.A.,Assistente de produtos II,19 Sep 2020,Crystal Paul
319,Hey Kid Health,Founder,19 Sep 2020,Kim Knight
320,GreenMile,Cientista de Dados jr,19 Sep 2020,Christina Mcmillan
321,Instituto Água e Terra,Engenheiro Cartógrafo,18 Sep 2020,Monica Freeman
322,Grupo Portfolio,Consultor de Desenvolvimento de Negócios,18 Sep 2020,Kelly Clark
323,MAGNA SISTEMAS,Trainee Data Science | Big Data | Artificial Inteligence,17 Sep 2020,Michelle Lane
324,Autonomo,Profissional autônomo,17 Sep 2020,Joseph Jackson
325,Anubis Corretora de Seguros,Diretor,16 Sep 2020,Kimberly Cook
326,Fundação Getulio Vargas,Especialista em Tecnologia Educacional,15 Sep 2020,William White
327,NANABOROK CONFECÇÃO ,Proprietário,14 Sep 2020,Brianna Tran
328,Gescon Solucoes,Consultora de Inteligência de Mercado,14 Sep 2020,Ricardo Jacobson
329,GAVB,Senior Data Scientist,14 Sep 2020,Jonathan Nguyen
330,Multivisi Comércio e Importação,Programador júnior,13 Sep 2020,Kelly Weaver
331,UBEC - União Brasileira de Educação Católica,Diretor Executivo de Operações do Grupo UBEC,11 Sep 2020,Frank Odom MD
332,MaxCar Serviços Mecânicos,Proprietário,11 Sep 2020,Dr. Gregory Brown
333,Stefanini Brasil,Senior Software Development Engineer,11 Sep 2020,Denise Singleton
334,Ibet ,Professor do Instituto Brasileiro de Estudos Tributarios (IBET) ,10 Sep 2020,Nicole Duffy MD
335,Stone,Product Manager - Pricing,10 Sep 2020,Catherine Lane
336,ADVANCE Consulting,CEO,10 Sep 2020,Deborah Brown
337,Recrutamento e Seleção,Proprietário,09 Sep 2020,Travis Mills
338,Universidade Tecnológica Federal do Paraná- Câmpus Londrina,Estagiário,08 Sep 2020,James Malone
339,Bradesco Cartões,Analista de inteligência de negócios,07 Sep 2020,Nathan Perez
340,Baymetrics Tecnologia,Process Technology Trainee,07 Sep 2020,Dana Kelly
341,Sistema FIERGS,Analista Corporativo Sênior,05 Sep 2020,Sabrina Brady
342,Genesys,Project Manager,05 Sep 2020,Gregory Ray
343,Total Express,Coordenador de Operações,05 Sep 2020,Margaret Lopez
344,Grupo Petrópolis,Analista de Inteligência Logística,05 Sep 2020,Mr. Mark Strong
345,SmartHint Technology LLC,Frontend Developer,04 Sep 2020,Frank Thompson
346,Thompson Management Horizons,Desenvolvedor da web,04 Sep 2020,Jerry Perry
347,Pernambuco Radiadores,Proprietário,03 Sep 2020,Jennifer Cowan
348,Oi,Estagiário,03 Sep 2020,Mary Hodges
349,Paddock Papelaria e Informática,Proprietário,01 Sep 2020,Preston Stephens
350,Universidade Paulista,Professor,01 Sep 2020,Jennifer Mcknight
351,EPEMA - EMPRESA PAULISTA DE EMBALAGENS AGROINDUSTRIAIS LTDA,extruso,01 Sep 2020,Jessica Johnson
352,Hospital Alemão Oswaldo Cruz,Medico Radiologista,31 Aug 2020,Allison Foster
353,EVOX TECHNOLOGY CORP,Desenvolvedor de Chatbot,31 Aug 2020,Meagan Lamb
354,LLE Ferragens ltda - Ferragens Pisa,Analista de BI,31 Aug 2020,Jeremiah Lopez
355,Arquitetura Positiva Eireli,Sócio Diretor,31 Aug 2020,Maria Whitney
356,Pipolo Revestimentos,Proprietário da empresa,31 Aug 2020,Rebecca Rose MD
357,V2 Pesquisa e Análise de Mercado,Head Of Data Analysis,31 Aug 2020,Steven Smith
358,Unicorp Informática Industrial,Técnico de desenvolvimento de Software,31 Aug 2020,Jennifer Davies
359,Hitachi ABB Power Grids,Power System Consultant Engineer,28 Aug 2020,Lori Rodriguez
360,Refinaria Nacional de Sal S.A.,Assistente administrativo - Jovem Aprendiz ,28 Aug 2020,Derrick Obrien
361,BairesDev,Machine Learning Engineer,27 Aug 2020,Amanda Dominguez
362,Medium,Articulist,27 Aug 2020,James Thomas
363,REASON - Grupo de Pesquisa em Avaliação de Risco em Sistemas Industriais e Naturais,Pesquisador de Mestrado,27 Aug 2020,Alexandra Davis
364,Autonômo,Consultor de TI,26 Aug 2020,Nicole Campbell
365,C&A Brasil,Data Engineer,26 Aug 2020,Melissa Moore
366,ECOA PUCRIO,Estagiário,26 Aug 2020,Jacob Chen
367,Avibras,Engenheiro de desenvolvimento do produto Jr.,24 Aug 2020,Jacob Perry
368,EYEVISION Mídias Interativas,Founder e CEO,24 Aug 2020,Doris Williams
369,Loggi,Analista DBM,24 Aug 2020,Rachel Lee
370,SpotPromo a serviço da LG Eletronics do Brasil LTDA    ,Instrutor de Treinamento – Telefonia ,24 Aug 2020,Jay Dunn
371,Eletrobras,Analista Nivel Superior - Economista,24 Aug 2020,Kellie Jones
372,Gerencianet,Analista de sistemas,24 Aug 2020,Lisa Cantrell
373,Dataminutes,Mentor e Consultor,23 Aug 2020,James Allen
374,Luby Software your way,DevOps Intern,23 Aug 2020,Jacqueline Rhodes
375,Memora Processos Inovadores S/A,Desenvolvedor,23 Aug 2020,Richard Conrad
376,Motorola Mobility (a Lenovo Company),Analista Financeiro,23 Aug 2020,Lauren Crawford
377,Publicidade,Gerente de vendas MKT,23 Aug 2020,Sydney Hill
378,Market & Business,Autonomous,22 Aug 2020,Dana Ortiz
379,ANPPD® - Associação Nacional dos Profissionais de Privacidade de Dados,Membro do comitê,22 Aug 2020,Karen Walker
380,Em busca de novos desafios!,Analista de TI ,22 Aug 2020,Renee Crawford
381,we distribuidora,Proprietário,21 Aug 2020,Melissa Meadows
382,Loggi,Desenvolvedor,21 Aug 2020,Brianna Allen
383,UniTieup,Data Analyst ,21 Aug 2020,Shelby Sullivan
384,CIEE Centro de Integração Empresa Escola,Aluno estagiário,21 Aug 2020,Timothy George
385,Unimed Petrópolis,Supervisor de TI,20 Aug 2020,Bonnie Watson
386,Webdutos,Estagiário,20 Aug 2020,Jeff Whitehead
387,FAPESP,Scientific Initiation Researcher,18 Aug 2020,Jason Jackson
388,Autônomo,Data Analyst,18 Aug 2020,Russell Burns
389,Freelance,IT Consultant,17 Aug 2020,Carol Fry
390,Grupo Educacional UNIS,Assistente de TI,17 Aug 2020,Rebecca Mendoza
391,Paladin AI,Data Scientist,17 Aug 2020,Angela Watkins
392,ICA Gruppen,Data Scientist,17 Aug 2020,David Morgan
393,Université Paris 8,Data Scientist,17 Aug 2020,Brandon Wyatt
394,Stone,Engenheiro de dados Sênior,17 Aug 2020,Natasha Thompson
395,Stimmulus,Neuropsicopedagoga,15 Aug 2020,Catherine Hanson
396,Huawei,DCO - Data Center Cloud Analyst,14 Aug 2020,David Flynn
397,Banco Itaú,Analista de Prevenção à Fraude,14 Aug 2020,Travis Lewis
398,Supermercados Caetano,Desenvolvedor .Net,14 Aug 2020,Richard Clarke
399,Crypto ID® - Portal sobre Criptografia e Identificação Digital,Diretora de Conteúdo | Membro da ANPPD,14 Aug 2020,Nancy Green
400,Informa Markets - Brazil,Busines Intelligence Analyst,14 Aug 2020,Sheila Tran
401,Universidade do Estado de Minas Gerais,Professor,14 Aug 2020,Logan Black
402,Loft,Data Scientist,13 Aug 2020,Phillip James
403,Freelancer,FrontEnd Developer,12 Aug 2020,Jeremy Padilla
404,UFES - Universidade Federal do Espírito Santo ,Professor Universitário,12 Aug 2020,Andrea Brown
405,Goldman Sachs,Financial Crime Compliance Intern,10 Aug 2020,Amanda Walker
406,Conductor,Developer Analyst II | Remote,10 Aug 2020,Paul Nelson
407,Safetec Informatica,Diretor de Serviços e Inovação,10 Aug 2020,Mark Osborn
408,Be2Consulting,Founder & Consultant,10 Aug 2020,Howard Santos
409,Self-employed,Freelance Technical Writer,07 Aug 2020,Sydney Smith
410,Itaú Unibanco,Client Risk and Suitability Analyst - WMS,06 Aug 2020,Kristen Navarro
411,Trademaster Serviços e Participações SA,Analista de sistemas,06 Aug 2020,Morgan Hughes
412,IEEE Student Branch - UNESP Guaratinguetá,Vice-presidente,06 Aug 2020,Scott Herrera
413,EBDI - Enterprise Business Development & Information,Business Lover,06 Aug 2020,Steven Rocha
414, CNseg - Confederação Nacional das Seguradoras,Senior Systems Analyst | Product Owner,05 Aug 2020,Christopher Cox
415,Alpargatas S.A.,Analytics Manager,04 Aug 2020,Charles Oconnell
416,Brasilprev Seguros e Previdência S.A,Desenvolvedora de back end,03 Aug 2020,Amanda Lee DVM
417,Sitel,Analista de suporte,01 Aug 2020,Charles Smith
418,Grão Direto,Analista de dados e Desenvolvedor de software,01 Aug 2020,Sherry Hayes
419,CNPq - Conselho Nacional de Desenvolvimento Científico e Tecnológico,Pesquisador,01 Aug 2020,Brittany Morris
420,Parque Tecnológico Itaipu - Brasil ,Business Intelligence,31 Jul 2020,Autumn Palmer
421,LNCC,Bolsista de Iniciação Científica,31 Jul 2020,Ethan Washington
422,Mult Consultoria Estratégica,Consultor,31 Jul 2020,Kevin Reilly
423,Senac MS,Consultor / Arquiteto de Software,31 Jul 2020,Nicole Black
424,TOTVS,Systems Developer Analyst,31 Jul 2020,Karen Gutierrez
425,Scania Latin America,Senior Product and Quality Engineer,31 Jul 2020,Paul Lucero
426,VA Empreendimentos,Associate Founder,31 Jul 2020,Matthew Ramirez
427,Vizentec S/A,Data Scientist,31 Jul 2020,Jennifer Mitchell
428,PROSP8 ComunicAtiva, IT and Agil Project Management Consultant,30 Jul 2020,Barbara Beck
429,Ipiranga Produtos de Petróleo,Analista de sistemas,30 Jul 2020,Laurie Bishop
430,Siemens Energy,Programa de Desenvolvimento de Talentos,30 Jul 2020,Jason Reynolds
431,TOTVS,Técnico de suporte,30 Jul 2020,Kyle Ward
432,Votorantim,Engenheira de dados,30 Jul 2020,Nathaniel Jones
433,Hospital Israelita Albert Einstein,Senior Data Scientist,29 Jul 2020,Nicole Myers
434,Hotmart,Data Scientist,29 Jul 2020,Lee Greene MD
435,Secretaria de Estado da Saúde de Alagoas,Systems Analyst,29 Jul 2020,Matthew Wiley
436,RPSmart Sistemas,Analista de Suporte,28 Jul 2020,Danielle Powell
437,Silimed Indústria de Implantes,Estagiário de Orçamento e Desempenho,28 Jul 2020,Sylvia George
438,MJV Technology & Innovation,User Experience Writer,28 Jul 2020,Olivia Russell
439,Alstom Transport,Engenheiro de Sistemas,28 Jul 2020,Daniel Garcia
440,Machine Air,Data Scientist Júnior,28 Jul 2020,Christian Murray
441,Vinícola Toscana,Estagiário,28 Jul 2020,Julia Cantrell
442,KOMUH,Analista de BI,27 Jul 2020,Sarah Reid
443,TOTVS,Gerente de Projetos & Supply Chain,27 Jul 2020,Jorge Sanchez
444,UNINASSAU,Professor,27 Jul 2020,Ryan Oliver
445,B3,Analytics & Data Modeling,27 Jul 2020,Holly Durham
446,Inteligencia de Negocios,Data Scientist Consultant,27 Jul 2020,Calvin Foster
447,SVA Tech,Engenheiro de Visão Computacional,27 Jul 2020,Sue Hartman
448,Raízen,Analista de Suporte Pl,27 Jul 2020,Philip Cole
449,UENF - Universidade Estadual do Norte Fluminense,Bolsista Universidade Aberta,27 Jul 2020,Matthew Davis
450,CABAL BRASIL,Arquiteto de Soluções e Líder Técnico,27 Jul 2020,Amanda Glover
451,Itaú Unibanco,Analista de Validação de Modelos de Risco de Crédito,25 Jul 2020,Alisha Green DVM
452,Procuradoria Geral da Fazenda Nacional,Estagiário de TI,25 Jul 2020,Albert Norton
453,Grupo Santa Casa BH,Cientista de dados,25 Jul 2020,Timothy Fitzgerald
454,Siemens Gamesa,HR & Global Mobility Intern at Siemens Gamesa,25 Jul 2020,Todd Buck
455,MAInd - Inteligência Artificial Aplicada,Co-Founder & CTO ,24 Jul 2020,Daniel Boyd
456,DataChemistry,Fundador,24 Jul 2020,Jacqueline Thompson
457,PagSeguro UOL,Modeling and Risk Analyst,24 Jul 2020,Nicholas Marsh
458,Éstiam • École supérieure des technologies de l'information appliquées aux métiers,Consultant  Data Science / Formatrice Data,23 Jul 2020,Dana Smith
459,LSL - Logística Sumaré LTDA ,Operador Logístico ,23 Jul 2020,Joshua Sullivan
460,Hypera,Analista de BI Sr.,23 Jul 2020,James Peters
461,"Grupo econômico no setor de alimentos, com atuação em atacado e varejo ","Analista de Suporte, Administração e Transporte",22 Jul 2020,Jill Thompson
462,CDHU - Companhia de Desenvolvimento Habitacional e Urbano do Estado de São Paulo,Consultor de BI,22 Jul 2020,Victoria Smith
463,VITTA,Front-end,22 Jul 2020,Madison Burnett
464,Clicksign,Data Scientist (Python Developer),22 Jul 2020,Joanna Osborne
465,Novacki Papel e Embalagens S/A.,Analista de Sistemas Sênior,21 Jul 2020,Ashley Lawrence
466,IAD  Digital Artificial Intelligence  ,Digital Transformation Expert | Artificial Intelligence Strategist,21 Jul 2020,Laura Zhang
467,Hidráulica & Pneumática,Trainee de engenharia,21 Jul 2020,Gerald Ramos
468,Centro Universitário UNA,Professor,21 Jul 2020,Jennifer Burgess
469,Metrô de São Paulo,Operador de Transporte Metroviário II,20 Jul 2020,Justin Thompson
470,Extreme Digital Solutions - EDS,Cientista de dados,20 Jul 2020,Shannon Cruz
471,desempregado,Desempregado,20 Jul 2020,Jacqueline Wong
472,Secretaria de Estado de Saúde de Minas Gerais,Técnico em Informática,20 Jul 2020,Denise Rowe
473,ArcelorMittal,"Especialista em Governança, Riscos & Compliance",18 Jul 2020,Eric Evans
474,Farm Solutions,Gerente de Sistemas TI,18 Jul 2020,William Smith
475,"MODEC, Inc.",Data Scientist,18 Jul 2020,Deanna Davis
476,Agroicone,Pesquisadora,17 Jul 2020,Nathan Ellis
477,Empresa Delírio Tropical ,Analista de suporte,17 Jul 2020,Matthew Hernandez
478,Maxicon Sistemas,Oracle Forms Developer,16 Jul 2020,Lindsey Jenkins
479,CESAR,Coordinator of Technology and Education,16 Jul 2020,Kelly Johnson
480,UFBA - Universidade Federal da Bahia,Coordenador técnico,16 Jul 2020,Denise Vargas
481,Smart Consulting,IT Consultant / Quality Assurance,15 Jul 2020,Mr. David Mendoza
482,Lambda3,Cientista de Dados | Inteligência Artificial,15 Jul 2020,Roger Rodriguez
483,Agrotis ,Analista de Implantação SAP B1,15 Jul 2020,Anthony Myers
484,Caterpillar Inc.,Quality Intern,15 Jul 2020,Phillip Sawyer
485,Valid S.A.,Coordenador de Operações,14 Jul 2020,James Parker
486,Araguaia Sistemas Ltda,Engenheiro de software,14 Jul 2020,Sean Robinson
487,ContaJÁ Contabilidade Online,Sócio - Diretor,14 Jul 2020,Mrs. Laurie Jones
488,Total Express,Especialista de processos logisticos,13 Jul 2020,Erika Tran
489,Consultorias,Cientista de Dados e Consultor ERP,13 Jul 2020,Brenda Baker
490,Universidade do Contestado,Professor,13 Jul 2020,Maria Gates
491,Invillia,Java | Kotlin Developer,13 Jul 2020,Christine Martinez
492,GAVB,Cientista de dados,13 Jul 2020,Susan Wiggins
493,Kumulus,Data Engineer and Analytics ,13 Jul 2020,Benjamin Miller
494,Base/iD,Product Owner,13 Jul 2020,Nathan Acosta
495,Imagem – Soluções de Inteligência Geográfica,Cientista de Dados Júnior,13 Jul 2020,Candace Martinez
496,Data 7 Analytica,Cientista de Dados,11 Jul 2020,Nicole Watkins
497,Studos,Python/R Developer,11 Jul 2020,Kathleen Pearson
498,Control iD,Analista de Integração Pleno,11 Jul 2020,Caitlin Miller
499,Allianz Brasil,Estatístico Sr,11 Jul 2020,Mallory Bell
500,MI4U,Sócio | CTO,10 Jul 2020,Laura Rogers
501,MachLab,Co Founder | Professional Data,10 Jul 2020,Amanda Campos
502,DP Content,Conteudista em Ciência da Computação,10 Jul 2020,Anthony English
503,Olist,Senior Data Specialist,10 Jul 2020,Samuel Anthony
504,Serasa,DataOps Team Leader,09 Jul 2020,Kelly Hamilton
505,Cred Center ,CredCenter ,09 Jul 2020,Alexandria Wright
506,Caltra Projetos e Consultoria,Desenhista Mecânico,09 Jul 2020,Rachel Owen
507,ClearSale,Analista de Inteligência,09 Jul 2020,Kiara Oneill
508,IWM India Pvt Ltd,Business Development Associate,09 Jul 2020,Kimberly Love
509,Nestlé,Internal Control and Compliance Analyst,08 Jul 2020,Kerry Jones
510,Persera Consulting,Consultative Sales - Business Development - IT,08 Jul 2020,William Potter
511,Davi & Associados Recursos Humanos,Headhunter - Jobhunter ,07 Jul 2020,Jessica Robinson
512,Meritt - Cada aluno é único,Node.JS Developer PL | Nest.JS | TypeScript,07 Jul 2020,Lisa Davis
513,Cooperativa De Laticinios Selita,Analista de sistemas,06 Jul 2020,Shannon Pearson
514,Richards Energy Consulting Group,President / Founder / Senior Project Manager,04 Jul 2020,Drew Acosta
515,DAMA UK,Member of DAMA UK,04 Jul 2020,James Ross
516,Pedro Arrais & Cia,Montador,03 Jul 2020,Alexander Montgomery
517,Nobritech Tecnologia e Sistemas,Diretor  Comercial,03 Jul 2020,Connie Santos
518,Adv.Digital,Founder at Adv.Digital,03 Jul 2020,Rickey Erickson Jr.
519,FLSmidth,Projetista mecânico,02 Jul 2020,Joyce Nelson
520,BlobCity,Chief Executive Officer,02 Jul 2020,Nichole Diaz
521,dti digital,Estagiário de desenvolvimento iOS ,01 Jul 2020,Mrs. Monica Cain
522,Belarina Alimentos S/A,Analista de Suporte,01 Jul 2020,Yolanda Miller
523,XP Inc.,Treasury Risk Analyst,01 Jul 2020,Michael Thomas
524,New Tech Soluções Ltda.,Especialista em Desenvolvimento de TI,01 Jul 2020,Christopher Choi
525,Neurotech,"Analytics, Data Science & Innovation Manager. at Neurotech",30 Jun 2020,Brian Hill
526,Impacto Hub,Partner ,30 Jun 2020,Janice Chapman
527,MeasuredRisk,Technical Consultant,30 Jun 2020,Kelly Wolfe
528,Atvos,Assistente administrativo,30 Jun 2020,Steven Hernandez
529,Universidade Positivo,Professor,29 Jun 2020,Samantha Parker
530,Tr3s Colunas,Data Scientist,29 Jun 2020,Nicholas Lloyd
531,Universidade Federal do Ceará,Associate Professor,29 Jun 2020,Joshua Thomas
532,SOMOS Educação,Book Author,29 Jun 2020,Debra Hart
533,UFPI - Universidade Federal do Piauí,Estudante de Graduação,29 Jun 2020,Joshua Oliver
534,Segundo Tabelião de Notas de São José do Rio Preto,Tabelião de Notas,26 Jun 2020,Joshua Orr
535,Neurotech,Data Engineer,26 Jun 2020,Amy Herring
536,Arco Comercio De Tecidos,Proprietário,25 Jun 2020,Elizabeth Adams
537,BlueBI Solution,Consultor business intelligence ,24 Jun 2020,Jamie Vargas
538,Levio,Technology Consultant,24 Jun 2020,Christopher Dodson
539,Benova® Digital Experience,Desenvolvedor | Analista | BI e SEO | E-commerce,24 Jun 2020,Linda Johnson
540,Saber Educação,Assistente de Business Intelligence,24 Jun 2020,Anthony Martin
541,Canadian Western Bank,Risk Analyst,24 Jun 2020,Matthew Walker
542,VictorDecor,Auxiliar administrativo,24 Jun 2020,Calvin Duffy
543,Eco Sistemas,Analista de sistema,24 Jun 2020,Christopher Wu
544,Mazars Brasil,Analista de Business Intelligence / Business Development,23 Jun 2020,Aaron Wilson
545,Technobot Solutions,Cientista de Dados - Sócio proprietário,23 Jun 2020,Carl Chaney
546,IBM,Software QA Tester,22 Jun 2020,Brandy Wu
547,Solar Coca-Cola,Analista Fiscal III,22 Jun 2020,Caleb Mason
548,Bartofil Distribuidora,Diretor de tecnologia,22 Jun 2020,Jason Wells
549,MentorApp,Fundadora,22 Jun 2020,Amanda Taylor
550,Kumulus,Cloud Computing | Infraestructure,22 Jun 2020,Vickie Thomas
551,ForSell Sistemas,Analista Desenvolvedor VB.NET Júnior,20 Jun 2020,Matthew Hodge
552,Fundação Getulio Vargas,jovem aprendiz,20 Jun 2020,Denise Tanner
553,GAVB,Data Scientist,19 Jun 2020,Thomas Booth
554,Altran,Data Engineer Specialist,18 Jun 2020,Eric White
555,GB,Proprietário,18 Jun 2020,Jamie Wallace
556,Atento Brasil,Data Science Consultant,16 Jun 2020,Kayla Curry
557,Secretaria Municipal das Finanças de Fortaleza,Estagiário,16 Jun 2020,Brian Delgado
558,Telefônica Brasil,Big Data Specialist,16 Jun 2020,Kelly Miller
559,EMPILHAPASSO MÁQUINA E EQUIPAMENTOS  LTDA,SÓCIO,16 Jun 2020,Emily Phillips
560,Complexo Educacional FMU,Professor,15 Jun 2020,Meredith Daniel
561,"Freelance, self-employed",Shayd IT,15 Jun 2020,Jerry Martinez
562,Moveis Campo Largo,E-Commerce,15 Jun 2020,Anthony Weber
563,Estante Mágica,Embaixador Mágico,15 Jun 2020,Theresa Ross
564,Nexio,Senior Data Analyst,13 Jun 2020,Carl Vega
565,Guapi Papeis,Lead Information Technology Specialist,12 Jun 2020,Mary Hanson
566,Embrapa,Postdoctoral Researcher at Embrapa,12 Jun 2020,Alan Brown Jr.
567,4Sec Global,Diretor,12 Jun 2020,Richard Reynolds
568,labsit,Product Owner,10 Jun 2020,Connor Holland
569,Alldesk,Cientista de dados,09 Jun 2020,James Anderson
570,UOTZ,Experience Design Director  ,09 Jun 2020,Tara Baker
571,Aurora Produtos Naturais ,Proprietário,09 Jun 2020,Tara Morales
572,Centro Universitário Farias Brito,Professor na MBA de Ciências de Dados,08 Jun 2020,Dawn Barrera
573,DCEM,Head of Data Science & Analytics,08 Jun 2020,Kelly Lang
574,Teclogica,Analista de sistemas,08 Jun 2020,David York
575,Prepara Cursos Profissionalizantes,Educador,08 Jun 2020,Stacey Walls
576,Itaú Unibanco,Gerente de qualidade de software,08 Jun 2020,Marc Schmidt
577,Aikont ,Desenvolvedor Backend,08 Jun 2020,Cynthia Baker
578,Itaú Unibanco,Engenheiro de software,08 Jun 2020,Matthew Aguilar
579,Stefanini Brasil,Artificial Intelligence Developer,08 Jun 2020,Janice Jones
580,Microsoft,Vice President of Customer Success and CTO,08 Jun 2020,Troy Smith
581,Instituto Tecnológico de Aeronáutica - ITA,Doctoral Researcher,08 Jun 2020,Rodney Cardenas
582,Smartronic Tecnologia,Desenvolvedor Full-Stack | Engenheiro Eletrônic,08 Jun 2020,Amanda Lambert
583,Eirene Solutions,ML Engineer / Engenheiro de Machine Learning,08 Jun 2020,Michael Hernandez
584,D.A. Participacoes E Empreendimentos,Gerente de segurança da informação,08 Jun 2020,Paula Glenn
585,Haze Shift Design Studio ,Digital Transformation Leader & Co-Founder,08 Jun 2020,James Richardson
586,Kintegra,Sócio,08 Jun 2020,Angela Smith
587,Intelligenz Technologies,Executivo de desenvolvimento de negócios e parcerias,08 Jun 2020,Kelli Barrett
588,C&A Brasil,Líder Prevenção De Perdas,07 Jun 2020,Victor Jones
589,Siemens,Estagiário,07 Jun 2020,Melissa Briggs
590,Investimento Solar,Founder,07 Jun 2020,Mark Chapman
591,INAPEED,Cientista de dados,07 Jun 2020,Alicia White
592,Dbm Contact Center,Gerente de Projetos TI,07 Jun 2020,Daniel Brennan
593,Invillia,Analista de sistema,07 Jun 2020,Yolanda Martin
594,Mobly,Data Scientist,07 Jun 2020,Courtney Edwards
595,Extrack ,Fundadora e CEO ,07 Jun 2020,Amanda Jones
596,MakeITSimple,Analista de dados,07 Jun 2020,Jessica Thomas
597,Instituto Sou+Estudante,Estudante de Graduação,07 Jun 2020,Alexander Watts
598,Centro ALGORITMI,Machine Learning Researcher,07 Jun 2020,Bethany Wallace
599,Procenge,Database Administrator (AD) Jr.,07 Jun 2020,Sarah Robinson
600,IFSUL - Instituto Federal Sul-rio-grandense,Professor,07 Jun 2020,Ryan Romero
601,Resource IT Solutions,Desenvolvedor Jr,07 Jun 2020,Elizabeth Williams DDS
602,Efetividade Tecnologia,Cientista de dados,07 Jun 2020,John Barnes
603,Universidade Federal de Alagoas,Assistant Professor (Lecturer),07 Jun 2020,Ms. Chelsea Combs
604,grupo twg do brasil,Executivo de SEO,07 Jun 2020,Sylvia Burns
605,Ambev Tech,Devops Analyst,07 Jun 2020,Rebekah Gibson
606,Adaptor,Embedded Application Designer,07 Jun 2020,Jordan Hubbard
607,Ciência de Dados,Engenheiro de software sênior,07 Jun 2020,Jennifer Mcdonald
608,Livre Benefícios,DBA/Desenvolvedor SQL Server na Livre Benefícios ,07 Jun 2020,Valerie Henry
609,Seguradora Líder-DPVAT,Analista Administrativo - Orçamento e Custos,07 Jun 2020,Marissa Thomas
610,CHG-MERIDIAN,Credit Analyst,07 Jun 2020,Jacob Flynn
611,Zup Innovation,Executive Recruiter,07 Jun 2020,Linda Rivera
612,Deal,Cientista de Dados Sr ,07 Jun 2020,Michael Mitchell
613,Representante,Representante de atendimento ao cliente,07 Jun 2020,Kristin Cruz
614,Semantix Brasil,Senior Data Engineer,07 Jun 2020,Michael White
615,InfoHand,Head Of Product Management,07 Jun 2020,Kathleen Carroll
616,S.L Participações - Grupo Regina S/A,Analista de Dados,07 Jun 2020,Matthew Phillips
617,Universidade Positivo,Professor,07 Jun 2020,Sean Chang
618,Ampernet Telecom,Técnico em Telecom,07 Jun 2020,Cesar Mitchell
619,Sistema FIEC,Desenvolvedor,07 Jun 2020,Ashley Hooper
620,Decode,Models Team Leader,07 Jun 2020,Gloria Rodriguez
621,Wanke SA,Controller,07 Jun 2020,Nancy Spencer
622,Escola Técnica Liceu de Artes e Ofícios de São Paulo,Professor,07 Jun 2020,Samantha Johnson
623,SERPRO,Analista,27 May 2014,Stephen White
