,Company,Position,Connected On,Full Name,Latitude,Longitude
0,Stefanini Brasil,Analista Programador Senior,18 Jan 2021,Jose Brown,37.541988,-77.4405724
1,Akaer,Analista de Dados,18 Jan 2021,Jessica Smith,-23.1606616,-45.7875747
2,Cloud Devs,Consultant,18 Jan 2021,Monica Summers,35.8970799,-78.8705963
3,Unimed Sul Capixaba,Analista de BI Jr - Analista de Sistemas - Business Intelligence - DBA,16 Jan 2021,Christopher Edwards,-20.8529059,-41.1159018
4,Gerencianet,Data Analyst,15 Jan 2021,Lisa Thomas,-23.5634382,-46.6547934
5,CAPES - Coordenação de Aperfeiçoamento de Pessoal de Nível Superior,Bolsista,15 Jan 2021,Randall Richardson,-15.7880201,-47.8782054
6,Via Reversa,Desenvolvedor FrontEnd Vue / Python Jr.,14 Jan 2021,Megan Becker,45.4587317,-73.8352551
7,Distrilaf,Analista de Sistemas,14 Jan 2021,Allison Parsons,-20.681172,-43.772068
8,Invillia,Backend Developer,13 Jan 2021,Christopher Zimmerman,-21.8049737,-48.1736809
9,Avenue Code,Frontend Developer,13 Jan 2021,Caitlin Smith,37.7869368,-122.4055448
10,Crefisa,Analista de sistema,12 Jan 2021,Breanna Holland,-11.1836549,-40.5107791
11,Hybrid Formula-E Team ,Membro do núcleo de estudos HYBRID FORM-E TEAM,12 Jan 2021,Natalie Horton,40.6800928,-74.01229359999999
12,prestd,Software Developer Internship,12 Jan 2021,Laura Higgins,,
13,BioCatch,"Director, Pre-sales & PS for LATAM ",12 Jan 2021,Ashley Miller,40.7613801,-73.9693636
14,Bradesco,Analista de Políticas de Crédito Jr,11 Jan 2021,Michael Fowler,40.7614676,-73.9712067
15,Prefeitura Municipal de Nova Trento,Professor - Desenvolvedor de Projetos Sociais - Indicador Google - ,11 Jan 2021,Ethan Pugh,-27.286595,-48.93031939999999
16,"URJA Social - Tecnologia, Gestão e Operação Ltda", Commercial Director,11 Jan 2021,John Duncan,-8.061048699999999,-34.8721372
17,Paulo,Analista de suporte de TI,11 Jan 2021,Veronica Munoz,42.1460155,-72.6050451
18,PepsiCo,Sales Intern,11 Jan 2021,Shannon Jennings,33.0831337,-96.81619859999999
19,Zup Innovation,Desenvolvedora Back-end Java,11 Jan 2021,Benjamin Knight,-19.9290936,-43.9318449
20,CrediSIS,"Software Development, Systems Analysis and User Support Team Leader",11 Jan 2021,Sara Ward,-10.8760014,-61.954633
21,Zup Innovation,Tech Lead,11 Jan 2021,Brenda Cabrera,-19.9290936,-43.9318449
22,TQI,Desenvolvedor para iOS,11 Jan 2021,Robert Payne,26.1807605,-80.21544229999999
23,KaBuM!,Analista de sistemas,11 Jan 2021,Chelsey Perry,19.462832,-99.2393578
24,Mercantil do Brasil,Escriturário,09 Jan 2021,Linda Gonzalez,25.6838185,-100.3149288
25, EXPN Consultoria em desenvolvimento de software,Estagiário,08 Jan 2021,Ronald Ford,-23.4175866,-51.9392553
26,Universidade Federal de Santa Catarina,Researcher,08 Jan 2021,Kyle Jones,-27.5999666,-48.5194152
27,everis,QA Acessibilidade,08 Jan 2021,Cathy Boyd,42.3559753,-71.0521512
28,Drogaria Araujo S/A,Continuous Improvement Analyst,07 Jan 2021,Destiny West,-19.9148705,-43.9512978
29,Teltec Solutions,Development and Research Analyst,07 Jan 2021,Cody Meyer,-27.6087811,-48.5780882
30,Elumini Outdoing IT,Analista de sistemas sênior,07 Jan 2021,Eric Buck,-23.545294,-46.634542
31,Infofast Cursos Profissionalizantes,Instrutor de Microsoft Excel Avançado e Microsoft Power BI,07 Jan 2021,Paul Reyes,-6.069979600000001,-49.9041742
32,Natura,Pesquisador em Ciências do Bem-estar,05 Jan 2021,Justin Hughes,40.7232856,-73.9938049
33,Nouryon,Estagiário de Engenharia de Processos,05 Jan 2021,Joshua Johnson,29.5861478,-95.4314249
34,Construtora Cim,Information Technology Support Specialist,05 Jan 2021,Tracey Fields,-23.452654,-51.953464
35,Secretaria de Saúde do Ceará,Head of Analytics,05 Jan 2021,Tammy Miller,-3.720732099999999,-38.5175326
36,CEEE,Funcionário público,04 Jan 2021,Morgan Morris,42.5092937,-92.4559719
37,Laticínios Tirol,Especialista de Logística,02 Jan 2021,Brian Moore,-26.9952007,-51.4135064
38,Teachinguide.com,Founder,02 Jan 2021,Mr. Victor Simmons MD,34.0352478,-84.08827819999999
39,Grupo Casa Magalhães,Desenvolvedor de Software,01 Jan 2021,Jonathan Ortiz,-3.7748884,-38.4891612
40,Aeris Energy,Engineering Processist,01 Jan 2021,Amanda Lee,44.3106241,-69.7794897
41,Stefanini,Líder de Processos,01 Jan 2021,Joshua Juarez,42.48633,-83.311877
42,Eldorado Brasil Celulose S/A,System Analyst,31 Dec 2020,Norma Carter,-20.8875251,-51.3593298
43,Inteligencia de Negocios,Gerente de serviços e Pré-Venda,31 Dec 2020,Kimberly Herman,44.8304543,-93.50427400000001
44,Radix Engenharia e Software,Global Head of Data Science & AI,31 Dec 2020,Teresa Wagner,29.7776993,-95.5437223
45,International Institute of Physics - UFRN,Systems Development Analyst,31 Dec 2020,Christopher Spencer,-5.8404675,-35.1955351
46,Beegol,Data Scientist,31 Dec 2020,Peggy Price,-23.5941778,-46.68567480000001
47,Sociedade Porvir Cientifico - Rede La Salle e Ensino,Data Scientist | Controladoria,31 Dec 2020,Maria Johnson,-30.008194,-51.1859489
48,Ecori Energia Solar,Desenvolvimento comercial,31 Dec 2020,Sarah Peterson,-20.8328609,-49.40515509999999
49,Decode,Data Science Manager,31 Dec 2020,Zachary Allen,29.7381015,-95.3908154
50,FDC TECNOLOGIA,Information Technology Analyst,30 Dec 2020,Mrs. Rachel Gaines,-12.9699005,-38.4224185
51,Nenhuma,Estudante de Graduação,30 Dec 2020,Michael Ball,28.4525504,-81.4378886
52,Corptocorp Org,Technical Recruiter,29 Dec 2020,Richard Delacruz,40.7046172,-74.01123249999999
53,TOTVS,Técnico de Qualidade,28 Dec 2020,Taylor Lewis,37.4043887,-122.0770556
54,Hotmart,Analista de estratégia do negócio,28 Dec 2020,Justin Barnett,25.4967024,-103.4035908
55,Betha Sistemas,Analista de Suporte e Implantação I,26 Dec 2020,Jennifer Singh,19.4252615,-99.1530313
56,Sisaut Tecnologia,Desenvolvedor da web,26 Dec 2020,Lindsay Reeves,-20.7261438,-46.6116254
57,Eleva Educação,Analista de software,26 Dec 2020,Elizabeth Anderson,-22.9556128,-43.18263959999999
58,Petrobras,Inspeção,24 Dec 2020,Shannon Robinson,29.7279912,-95.5555577
59,Vero Internet,Analista de monitoramento (NOC),23 Dec 2020,Ashley Harrison,27.6406698,-80.44861379999999
60,Deal,Analista de dados,23 Dec 2020,Cathy Stewart,40.243168,-74.0006927
61,Paraná Banco S/A,Cientista de dados,23 Dec 2020,Christina Gonzalez,-23.1820126,-50.6488965
62,Brave.ag,Business Manager,23 Dec 2020,Melissa Harrell,39.1039924,-84.510032
63,Prefeitura Municipal de Caraguatatuba ,Estagiário,23 Dec 2020,Christian Friedman,-23.619337,-45.409855
64,CCR Metrô Bahia,Operador de Sistemas de Tração,22 Dec 2020,John Mills,-12.9265924,-38.4649875
65,Home Office,Estudante em tempo integral,21 Dec 2020,David King,36.3648645,-94.2176775
66,Delaxy Marketplace,Analista de Marketing Digital,19 Dec 2020,Lisa Bass,26.4561034,-80.1891201
67,Centro Universitário São Lucas,Professor Universitário,17 Dec 2020,Samuel Lopez,-8.7719247,-63.89558299999999
68,Autônomo,Autônomo,17 Dec 2020,Tammy Brown,41.975919,-87.712086
69,Centro Universitário de União da Vitória UNIUV,Professor,16 Dec 2020,Jon Duke,-26.2425444,-51.0917486
70,ByteCom Sistemas e Serviços Ltda,Analista Programador,16 Dec 2020,Julie Wagner,-26.4951125,-49.0897882
71,WF Estruturas e Sistemas,Agente de melhoria contínua,16 Dec 2020,Kenneth Riley,-22.8538988,-48.4916968
72,MachLab,Co-fundador | Engenheiro de dados,16 Dec 2020,Jonathan Roy,41.6594594,-91.5479919
73,Armazém de Documentos,CEO em Armazém de Documentos,16 Dec 2020,Mallory Watson,-26.3042458,-48.8794853
74,Senac Santa Catarina,Professor de graduação e pós graduação ,16 Dec 2020,Elizabeth Maldonado,-27.5937832,-48.5570337
75,Hub Fintech ,Software Engineer,16 Dec 2020,Brittany Miller,-23.500966,-46.8261359
76,Mixtel Atacado,Gerente de Projetos,15 Dec 2020,Mark Livingston,-25.4831783,-49.2984804
77,Tribunal de Justiça Militar de São Paulo,Systems Specialist,15 Dec 2020,Erin Haas,-23.5463293,-46.6502105
78,Deloitte Brasil,Analista de Sistemas JR,15 Dec 2020,James Chen,-23.6249859,-46.7015877
79,Creditas,Data Scientist Trainee,15 Dec 2020,Brittany Garcia,50.2303003,12.868645
80,UPFLUX Advanced Analytics,Researcher in Computer Science and Artificial Intelligence,15 Dec 2020,Elizabeth Logan,,
81,iTER Software de Rastreamento e Telemetria,Frontend Developer,15 Dec 2020,Kristie Rogers,-27.599322,-48.605751
82,MC1 - Win The Market,Analista Programador Pleno,15 Dec 2020,Cynthia Nelson DDS,-23.5679067,-46.6512623
83,Bravo - Serviços Logísticos,Assistentente de sistemas,15 Dec 2020,Christine Fernandez,-15.6745256,-55.948639
84,EBSERH,Desenvolvedor Java,15 Dec 2020,Lisa Oneal,-7.1353749,-34.8405534
85,Estamos aqui para cuidar de você,Somos uma empresa Offshore e Onshore,15 Dec 2020,Vicki Rush,-23.5599715,-46.6514124
86,Universidade Federal do Rio de Janeiro,Pesquisadora de Doutorado,11 Dec 2020,Michael Fuller,-22.8625345,-43.2234737
87,"AC Tecnologia - Áudio/Vídeo, Automação Corporativa, Residencial, e Gov.",Territory Account Manager,11 Dec 2020,Mr. Glen Mueller,-15.8018206,-47.9261512
88,ARISB-MG,Analista de Fiscalização e Regulação,11 Dec 2020,Alisha Moore,-19.9197058,-43.93889670000001
89,Dasa,Data Scientist,10 Dec 2020,Natalie Rocha,34.0057434,-117.4869984
90,Confidential,Machine Learning Developer - Jr.,08 Dec 2020,Daniel Perez,29.9669841,-95.5756531
91,Cervejaria Ambev,Supervisor Senior de Logística,08 Dec 2020,Chase Ruiz,-1.3747977,-48.3500793
92,Centro de Inovação EDGE,Desenvolvedor Júnior,08 Dec 2020,Timothy Johnson,-9.5545464,-35.7749275
93,Bradesco,Data Engineer,08 Dec 2020,Jeffrey Diaz,40.7614676,-73.9712067
94,Rede,Técnico,08 Dec 2020,Brett Hurley,45.5347379,-122.6682097
95,"Secretaria Municipal de Meio Ambiente, Saneamento e Recursos Hídricos de Cristalina Goiás ",Supervisor de Meio Ambiente,08 Dec 2020,Charlotte Hurst,-16.7711668,-47.61283599999999
96,Conselho Baiano de Turismo,Vice-presidente,07 Dec 2020,Casey Curry,-12.9195014,-38.355622
97,Veterinário,Veterinário,07 Dec 2020,Deanna Harris,37.1556278,-95.5947005
98,Grupo SEPAC,Desenvolvedor de Sistemas,07 Dec 2020,Todd Mendoza,27.4843337,-109.9567663
99,Unimed Federação Rio,Gerente Administrativo - Gestão de Pessoas,04 Dec 2020,Joshua Moses,-22.9015875,-43.1786872
100,Grupo GFT,Engenheiro de dados,03 Dec 2020,Randy Perez,46.7654647,-71.3121184
101,Unimed Nordeste Paulista - Federacao Intrafederativa Das Cooperativas Medicas,Analista de Negócios ,03 Dec 2020,Craig Donaldson,-21.1939278,-47.7590642
102,CreativeCode,Full Stack Developer,03 Dec 2020,Diana Torres,40.4380558,-80.0036638
103,Mater Misericordiae University Hospital,Data Analyst,03 Dec 2020,Alexander Randall,53.3598586,-6.2656689
104,Caixa Econômica Federal,Funcionário,03 Dec 2020,Tracey Simmons,2.8183369,-60.7157975
105,University of Aberdeen,Honorary chair in Computing Science,02 Dec 2020,Holly Shaw,57.16475999999999,-2.1015257
106,BEHIVE TECNOLOGIA,TX NETWORK ANALYST,02 Dec 2020,Jessica Gibbs,-22.2558424,-45.6953922
107,Embarcados,Writer,01 Dec 2020,Jon Wallace,-32.9605374,-60.6204669
108,Centro de Excelência em Inteligência Artificial (CExIA) & Deep Learning Brasil,Researcher,01 Dec 2020,Wayne Mcbride,,
109,dti digital,Machine Learning Engineer,01 Dec 2020,Tina Lucas,39.8976402,-86.0490951
110,Prefeitura Municipal de Tijucas - SC,Analista de TI,01 Dec 2020,Kimberly Graham,-27.2463172,-48.6401615
111,Skillarena,Business Growth Executive,01 Dec 2020,Mike Romero,33.9582109,-118.3419015
112,SkillArena,Co-Founder,01 Dec 2020,Richard Holland,33.9582109,-118.3419015
113,NVIDIA,Sales Development Specialist- LATAM/Canada,01 Dec 2020,Lucas Bullock,45.5345522,-122.8865277
114,MobFirst,Comercial,30 Nov 2020,Charles Davis,-25.4745225,-49.2952601
115,Autônomo,Desenvolvedor de aplicativos (Python / Django),30 Nov 2020,Alejandro Green,41.975919,-87.712086
116,Universidade Estadual do Norte do Paraná - UENP,Professor adjunto,30 Nov 2020,Jennifer Avery,-23.1604204,-49.9741699
117,Whirlpool Corporation,Analista de Projetos e Automação,28 Nov 2020,Mitchell Brown,36.2623608,-95.91796339999999
118,Ipiranga,Cientista de Dados,27 Nov 2020,Samuel Smith,43.2388375,-1.9925147
119,Unipar - Universidade Paranaense,Estagiário,27 Nov 2020,Mark Juarez,-23.7565389,-53.3013639
120,SLT Labs,Fundador,27 Nov 2020,William King,38.9142787,-119.9983962
121,KPMG,Risk Advisory Solutions (RAS) Manager ,27 Nov 2020,Diane Dixon,39.1021549,-94.5820901
122,Office Inn,Coordenador administrativo,26 Nov 2020,Richard Price,35.9293326,-94.9533508
123,Alual Festas,Analista de ecommerce,25 Nov 2020,Jason Bruce,-22.2181386,-49.9511009
124,Safra,Digital Manager,25 Nov 2020,Jason Perkins,40.776851,-73.957943
125,APUS Digital,Engenheiro de IA,25 Nov 2020,Michael Cisneros,39.2877823,-77.8600819
126,ICT Lab (Information and Communications Technologies Laboratory),Research Intern,25 Nov 2020,Donald Wong,9.5313474,6.4515764
127,Universidade Federal de Pernambuco,Estudante de Graduação,25 Nov 2020,Connie Adams,-8.0517328,-34.9507155
128,Altran,Head of Analytics & A.I Expertise Centre,25 Nov 2020,Danielle Payne,33.975342,-84.21503299999999
129,Braindness,Estrategista de comunicação,25 Nov 2020,Robert Kline PhD,,
130,Marlo,Analista e Desenvolvedor de Sistemas ,25 Nov 2020,Robert Miller,43.1918413,-89.457111
131,Global Park (Grupo Patropi),ANALISTA ADMINISTRATIVO,25 Nov 2020,Kelsey Richards,36.1104125,-115.2067011
132,Ambev Tech,Analista desenvolvedor júnior,25 Nov 2020,Leah Evans,38.2364269,-122.0937401
133,MWV Rigesa,Analista de Microinformática Jr,25 Nov 2020,Ronald Wilson,-26.1212959,-50.31732479999999
134,Itaú Unibanco,Estágio em Desenvolvimento de Software,25 Nov 2020,Jason Terry,25.7723394,-80.1877414
135,Neotriad S/A,Desenvolvedor,23 Nov 2020,Ernest Glenn,-23.9458654,-46.3297889
136,Sodexo Benefícios e Incentivos,Analista de Testes de Software,23 Nov 2020,Christopher Lawson,-23.4996065,-46.8509092
137,Red Hat,Cloud Consultant,23 Nov 2020,Elizabeth Mitchell,35.7752736,-78.63794779999999
138,BTG Pactual,HR Analytics & Efficiency,23 Nov 2020,Jason Smith,40.7584385,-73.9702732
139,ECT - Empresa De Correios e Telégrafos,Agente de Correios - Suporte,23 Nov 2020,Sarah Gray,-3.7043784,-38.4738108
140,robertinhogaspar702@gmail.com,Atendimento ao cliente,21 Nov 2020,Evelyn Parker,,
141,Ecotrace Solutions,IT Project Manager,20 Nov 2020,Jennifer Frazier,-23.0368416,-46.98674159999999
142,Albieri e Associados Tax & Finance,Senior Sales Marketing,20 Nov 2020,Mariah Abbott,-23.6914873,-46.549254
143,Sensorweb,P&D,20 Nov 2020,Andrew Ingram,33.7550439,-84.3896288
144,Santander Brasil,Analista de Metodologia I,20 Nov 2020,Matthew Manning,32.5082597,-116.9916133
145,Grão Inteligência,Cientista de dados,20 Nov 2020,John Tucker,-23.0027005,-43.32177
146,Printi,Coordenador de Business Intelligence,19 Nov 2020,Daniel Harris,47.00904800000001,15.3997009
147,SetraBH - Sindicato das Empresas de Transporte de Passageiros de Belo Horizonte,Coordenador,18 Nov 2020,Shannon Smith,-19.9286332,-43.9552688
148,Grupo T2,Gerente financeiro,18 Nov 2020,Joshua Garrett,,
149,Youbot Inteligência Artificial,CEO,17 Nov 2020,Joseph Lewis,37.7953898,-122.3961067
150,Consisa Sistemas,Analista de Testes,17 Nov 2020,Crystal Moore,-26.078349,-53.047916
151,Assessoria Empresarial Guandalini,Proprietário,17 Nov 2020,Mrs. Melinda Gonzalez,,
152,Kodo Interactive ,Administrative Lead,16 Nov 2020,Michael Blair,39.9195376,-105.0962295
153,"CONFIO CONSORCIOS = REPRESENTANTE AUTORIZADO BR CONSORCIOS, CAIXA CONSÓRCIOS E ANCORA CONSORCIOS.",REPRESENTANTE COMERCIAL,16 Nov 2020,Jacob Hill,-20.5420085,-47.4078764
154,Appen,Data Scientist,16 Nov 2020,Christina King,47.7097889,-122.1909885
155,Soul Code Jr,Cientista de dados,16 Nov 2020,Robert Morgan,34.0106266,-118.3018388
156,HAB Int Business Institute,Founder - CEO at HAB Int Business Institute,16 Nov 2020,Stephanie Brooks,38.7101379,-90.31110749999999
157,BI Solutions,Analista de BI,16 Nov 2020,Carla Reyes,33.0543119,-96.8266644
158,SUEZ - Water Technologies & Solutions,Data Analyst Intern,16 Nov 2020,Matthew Gonzalez,30.0645303,-94.2207713
159,Coopersystem,Data Scientist,14 Nov 2020,Shawn Mahoney,-15.7967262,-47.9615558
160,Unimed de Araraquara,Coordenador de Logística e Suprimentos,14 Nov 2020,Robert Rubio,-21.7905543,-48.1802729
161,Udemy,Instructor Partnerships Manager ,14 Nov 2020,Jennifer Yates,37.7842574,-122.3959203
162,Five Tech Solutions,Desenvolvedor de produtos,14 Nov 2020,Stephanie Sanchez,40.5897919,-74.2801484
163,DataForest,Analista de BI,13 Nov 2020,Justin Peters,38.9050769,-77.0438839
164,cDataLab,Consultant,13 Nov 2020,Andrew Martinez,,
165,MField,Estagiário em Análise de Dados,13 Nov 2020,Christie Mosley,19.6184811,-155.9490625
166,FRUM TECNOLOGIA EM FREIOS,Supervisor Manutenção Elétrica,13 Nov 2020,Sarah Wagner,-22.8260713,-46.3117879
167,Sensorweb,Analista de Suporte Computacional - P&D,13 Nov 2020,Meredith Cooley,33.7550439,-84.3896288
168,MUTANT BR,Business Intelligence Analyst,12 Nov 2020,Yesenia Duffy,-23.5820301,-46.6920314
169,Freelance,Judicial Expertise Assistant,12 Nov 2020,Kenneth Brown,38.1422606,-94.8137407
170,GAIPS Lab,Student Researcher,11 Nov 2020,Jack Wright,42.3398067,-71.0891717
171,Governo do Estado de São Paulo,Supervisor,11 Nov 2020,Stacy Holland,-23.6011523,-46.71192629999999
172,Sicredi,Especialista de concessão de crédito,11 Nov 2020,Brandon Beck,-2.4254165,-54.7276507
173,Universidade Estadual de Campinas,Professor Associado,08 Nov 2020,Meghan Smith,-22.8184393,-47.0647206
174,CCR S.A.,Analista de Sustentabilidade ,08 Nov 2020,Latasha Elliott,-12.0990534,-76.9701134
175,Stone,Data Analyst,07 Nov 2020,Gina Morgan DVM,37.06250000000001,-95.677068
176,Universidade de São Paulo,Undergraduate Research Fellow,07 Nov 2020,Jamie Miller,-23.5613991,-46.7307891
177,BRF S.A.,Analista administrativo Pleno - CSC,07 Nov 2020,Kristie Parrish,32.4806585,-93.77184109999999
178,"Inmetro - Instituto Nacional de Metrologia, Qualidade e Tecnologia",Aluno de pós-graduação,07 Nov 2020,Valerie Santiago,-22.5890507,-43.2821524
179,Localiza,Cientista de dados,07 Nov 2020,Kevin Munoz,2.8270579,-60.6976753
180,Cummins Inc.,Data Science Intern,07 Nov 2020,Theresa Nguyen,35.95492,-86.82801959999999
181,Datarisk,Cientista de dados,07 Nov 2020,Albert Lewis,43.0755504,-70.783654
182,freelance,Freelancer,07 Nov 2020,Brendan Thomas,38.1422606,-94.8137407
183,Hotmart,Data Science Manager,07 Nov 2020,Tracey Travis MD,25.4967024,-103.4035908
184,Embraer - Empresa Brasileira de Aeronáutica S.A.,IT System Analyst,07 Nov 2020,Alyssa Cox,33.3141829,-111.6758101
185,Mindsight,Data Science Intern,07 Nov 2020,Lindsey Robinson,41.829685,-88.03268299999999
186,Neuron - Data Science and Artificial Intelligence,Membro de Projetos,07 Nov 2020,Mary Duke,40.7982133,-77.8599084
187,Zenvia Mobile,Data Engineer,07 Nov 2020,Gregory Lewis,-23.556868,-46.661113
188,Systax,Senior Account Executive,05 Nov 2020,Ricardo Peters,-23.559972,-46.651412
189,Núcleo de Gerenciamento Pará Rural,Information Technology Intern,05 Nov 2020,Joshua Reed,-1.4621937,-48.4910635
190,Ourofino Saúde Animal,Senior Supply Chain Analyst,05 Nov 2020,Luke Morris,-21.2867927,-47.7482074
191,Hotmart,Data Scientist,05 Nov 2020,Beverly Sims,25.4967024,-103.4035908
192,Megawork Consultoria,Power BI Consultant,05 Nov 2020,Eric Harrington,-23.6072106,-46.6614213
193,Nacional Gás Butano Distribuidora Ltda,Supervisor de Operações (Logística),05 Nov 2020,Susan Patel,-5.1340183,-36.3889711
194,Sal Express Soluções Logísticas,Data Processing Assistant,05 Nov 2020,Melissa Galvan,-21.5823148,-45.4396917
195,Alex Rodrigues Alves - Advogado e Consultor Jurídico,Advogado,05 Nov 2020,Amber Rogers,-15.8193062,-48.1037691
196,Autônomo,Desenvolvedor Web,03 Nov 2020,Linda Howell,41.975919,-87.712086
197,BRIDGE - Rede de Excelência em Ciência e Tecnologia do Estado de Sergipe,Founder e Cientista Chefe,03 Nov 2020,Christopher Ray,-10.5740934,-37.3856581
198,Universidade Federal do Rio Grande do Norte,Bolsista,03 Nov 2020,Timothy Bailey,-5.8397871,-35.2017448
199,BBChain,CEO,03 Nov 2020,Brian Myers,42.8132963,-71.646512
200,Solda Fria Produções,CEO - Motion Designer,03 Nov 2020,Bryan Lane,-23.4529071,-46.5970376
201,A GERADORA,Business Intelligence Analyst,03 Nov 2020,Megan Reese,-10.9002671,-37.1409367
202,Leega,Governança de Dados & LGPD,02 Nov 2020,Deanna Colon,45.3259593,-75.8218133
203,içougue®,Founder & CEO,02 Nov 2020,Jade Hernandez,-23.5667005,-46.6509627
204,FUNPAR - Fundação da Universidade Federal do Paraná,"Consultor na área de computação, infraestrutura, desenvolvimento e gestão de TI",02 Nov 2020,Micheal Chavez,-25.431822,-49.26602200000001
205,Saint-Gobain,Data Analyst ,30 Oct 2020,Sandy Noble,39.1381391,-94.61354000000001
206,"GREMI - Grupo de Pesquisa em Economia, Meio Ambiente e Inovação",Aluno Pesquisador,30 Oct 2020,Ronald Mckay,-22.8625345,-43.2234737
207,Tecno System EJ,Project Director,29 Oct 2020,James Brown,44.6594478,11.7779725
208,Valour Informática,Consultor,29 Oct 2020,Elizabeth Porter,32.9374727,-96.7502392
209,Capgemini,Analista de business intelligence,28 Oct 2020,Nicole Sanford,29.7393613,-95.4632742
210,Universidade Federal do Paraná,Mestranda em Engenharia Ambiental,28 Oct 2020,Derek Joyce,-25.4269081,-49.2617658
211,PUC-SP,Professor,27 Oct 2020,Michelle Kaufman,-23.5379201,-46.671058
212,Anamar Comércio e Transportes Ltda,Analista de logística de transporte,27 Oct 2020,Joshua Wright,-23.7542438,-46.4028854
213,Expert System ,Consultor de Power BI,27 Oct 2020,Darrell Rodriguez,39.047621,-77.124978
214,IBOPE DTM Marketing de Relacionamento,Data Analyst DBM,27 Oct 2020,Tabitha Padilla,-23.5258235,-46.6738772
215,Multiplan Empreendimentos S.A.,Supervisor de Projetos - BI,27 Oct 2020,Laura Pope,40.7385177,-73.9905929
216,Smarppy Consultoria e Desenvolvimento de Software,Desenvolvedor de aplicativos móveis,26 Oct 2020,Kelly Hardy,-24.0392604,-52.3720249
217,Urbe Mobile,Software Developer and Team Leader,26 Oct 2020,Ashley Newman,-23.1566899,-45.7906975
218,ADRITEC SUPORT MANUTENÇÃO,Proprietário,26 Oct 2020,Daniel Johnson,-23.1713839,-45.8208756
219,Braspag,Analista de Desenvolvimento TI,26 Oct 2020,Brian Nunez,-23.5045617,-46.8512235
220,DASEL CORRETORA,Executivo de vendas,26 Oct 2020,Marissa Gordon,-8.0653318,-34.8947924
221,Geophysique,Sr. Geophysicist,26 Oct 2020,Destiny Krueger,48.10960799999999,-77.814624
222,Compasso,Back End Developer,24 Oct 2020,Debra Martin,28.6372946,-106.0974583
223,Synvia, Analista de Data Science,23 Oct 2020,Harold Edwards,-22.7838506,-47.1515602
224,CotaBest,Cientista de dados,23 Oct 2020,Kayla Perkins,-23.5990508,-46.6896139
225,FCA Fiat Chrysler Automobiles,Internship,23 Oct 2020,Cody Conway,42.65513869999999,-83.2305966
226,Prefeitura Municipal de Pomerode,Professor,22 Oct 2020,Bradley Moore,-26.7415522,-49.1750923
227,Saint-Gobain,South America Senior Data Science Manager,21 Oct 2020,Michael Flores,39.1381391,-94.61354000000001
228,IBM Brasil,Administrador de sistemas Linux Unix,20 Oct 2020,Marc Mcclure,-23.5799222,-46.649075
229,Via Varejo SA,Data Scientist,20 Oct 2020,Aaron York,40.8947334,-73.9425538
230,"GoGlobalTips, LookDigital, Glasses4.0, Tsuha Sushi Wine, Hotel Boutique Bela Vista",Executive Director,20 Oct 2020,Mrs. Brandi Peterson,,
231,MINDS - Machine Intelligence and Data Science Laboratory,Pesquisador,20 Oct 2020,Charles Tucker,42.36194070000001,-71.0904378
232,Indra,Engenheiro de Dados,19 Oct 2020,Allison Jensen,40.0362122,-105.2277543
233,Farmácias Pague Menos,Business Intelligence | Big Data Tech Lead,19 Oct 2020,Jamie Guerrero,0.078029,-51.061164
234,AI Inclusive,Marketing and Partnerships Manager,19 Oct 2020,Andrea Cooper,33.7401008,-78.8189316
235,Zoox Smart Data,Analista de dados,19 Oct 2020,Matthew Simmons,34.0530311,-84.2726268
236,Dankia Automação Hospitalar,Owner,19 Oct 2020,Rachel Bowman,-23.6302008,-46.7047514
237,Yoga Alliance,Professora de Yoga,19 Oct 2020,James Morris,38.89340019999999,-77.0777816
238,Proxxi Technology an IBM Company,Tecnico de Manutenção de Sistemas e Instrumentos,17 Oct 2020,Joanna Bean,49.28120910000001,-123.1148296
239,Supermercados Guanabara,Preparador de Dados,17 Oct 2020,Tammy Garcia,-22.8811624,-43.3397789
240,Ms Soluções Médicas,Proprietário,16 Oct 2020,Christina Adams,-23.4963969,-46.852062
241,Alelo Brasil,Data Science Senior,16 Oct 2020,Abigail Watson,-23.5046677,-46.8510711
242,Ticket,Analista de Business Intelligence,16 Oct 2020,Joseph Parker,38.9858865,-94.6085224
243,Nubank,Software Engineer,16 Oct 2020,Pedro Stevenson,40.7078306,-74.0088936
244,Centro Universitário Adventista de São Paulo,Assistente Administrativo,16 Oct 2020,Valerie Johnson,-22.5034917,-47.1632896
245,B3,Trader Autônomo,16 Oct 2020,Miguel Robinson,32.9991778,-96.90919939999999
246,Institute for Applied Economic Research (Ipea),IT Consultant,16 Oct 2020,Sandra Peters,-15.798564,-47.880734
247,IPEMIG,Analista de Dados,16 Oct 2020,Michele Smith,-19.9197229,-43.9393338
248,Incognia,Senior Data Scientist,15 Oct 2020,Julian Walker,,
249,Funcional Health Tech,Analista de processos e qualidade,14 Oct 2020,Stephanie Smith,-23.5643058,-46.66426
250,CGA Compañía General Automotriz de Colombia S.A.S.,Director Negocios Especiales ,13 Oct 2020,Jason Miller,4.600188,-74.13529199999999
251,Agrosepac,Mobile Developer,13 Oct 2020,Desiree Fleming,-25.8697414,-50.8145851
252,Student/Self-Employed (Full Time Data Science Student),Data Scientist,13 Oct 2020,Dr. Kimberly Williams,,
253,TQS - Escritório Individual de Advocacia,Advogado,12 Oct 2020,Gregory Williams,-15.8352486,-47.86391589999999
254,Universidade Federal do Rio de Janeiro,Voluntário de Iniciação Científica na CNPq,10 Oct 2020,Bethany Mendez,-22.8625345,-43.2234737
255,AngelLira Rastreamento Satelital,Analista Desenvolvedor,09 Oct 2020,Scott Villegas,-27.0980309,-52.6037259
256,Setup Automação - Soluções em automação Industrial desde 1996,Técnico em Automação Industrial,09 Oct 2020,Donald Morgan,-22.936951,-47.068452
257,FIA Business School,Professor colaborador,09 Oct 2020,Tiffany Pennington,33.4860616,-112.134725
258,Oracle,Data scientist,09 Oct 2020,Jennifer Smith,36.3612928,-94.1827873
259,Cencosud S.A.,Analista de risco operacional,09 Oct 2020,Lisa Sanchez,3.511339500000001,-76.51226849999999
260,MAX3D,CEO,09 Oct 2020,Crystal Mendoza,,
261,Ajudapet.org,CEO,09 Oct 2020,Charles Cook,-20.3424632,-40.2882338
262,Hospital Estadual Mário Covas,Segurança,07 Oct 2020,Wayne Flowers,-23.6709183,-46.5331357
263,Metrô de São Paulo,Operation Engineer,07 Oct 2020,Lisa Rivera,-23.5500991,-46.633321
264,Avanade,"Sr Anls, Analytics Experience",06 Oct 2020,Shannon Hoffman,32.8706656,-96.93789869999999
265,"Secretaria de Mineração, Indústria, Comércio, Ciência e Tecnologia ",Estagiário ,06 Oct 2020,Ryan Gonzalez,-6.066669399999999,-49.9041402
266,Prefeitura do Rio de Janeiro,Subsecretario Geral Executivo,05 Oct 2020,Sandra Rogers,-22.9112346,-43.2057487
267,Petrobras,Engenheiro de produção - Gerente Setorial,05 Oct 2020,Maria Castillo,29.7279912,-95.5555577
268,Safeweb Segurança da Informação,Analista de suporte técnico,05 Oct 2020,Dorothy Fletcher,-30.0466661,-51.20577600000001
269,GEBank/1Driver/Comdesconto,CEO,05 Oct 2020,Keith Wagner,,
270,HFocus,Head of Data Science,05 Oct 2020,John Hill,46.7319225,-117.1542121
271,Senior Sistemas,Analista de Suporte I,05 Oct 2020,Tammy Duncan,34.382648,-83.862887
272,Taqtile Brasil,Co-Founder,05 Oct 2020,Stephen Miller,-23.5455809,-46.6817487
273,Somar ,Gerente Comercial,05 Oct 2020,Tamara Pena,37.80733060000001,-122.2703688
274,Icaro Tech,Data Scientist,05 Oct 2020,Steven Nguyen,25.7722103,-80.1869043
275,Audasi ,Desenvolvedor,03 Oct 2020,Alan Berry,-22.9771056,-43.1900122
276,Creditas,Business Analyst Jr.,02 Oct 2020,Michael Jones,50.2303003,12.868645
277,IcompSoft Sistemas de Informação LTDA,"Co Founder, Diretor",01 Oct 2020,Terri Hancock,-26.0813065,-53.0529756
278,Suzano,Técnico de logística II,01 Oct 2020,Robin Adams,26.2060507,-80.136991
279,Indra,Project Leader,01 Oct 2020,Benjamin Clark,40.0362122,-105.2277543
280,Agrotis Agroinformática,Analista de sistemas,01 Oct 2020,Theresa Garcia,-25.4276716,-49.26652199999999
281,Magazine New,Gerente financeiro,01 Oct 2020,Laura Black,36.7479068,-95.9761115
282,Reali Studio,Proprietário,01 Oct 2020,Gabriela Reynolds,37.562112,-122.2860348
283,MAGNA SISTEMAS,Analista Big Data Jr.,30 Sep 2020,Brandy Golden,32.934935,-97.2454224
284,Salt RH,Cientista de dados pleno,29 Sep 2020,Lance Hamilton,40.7681356,-111.8917073
285,Tata Consultancy Services,Data Specialist,29 Sep 2020,Joseph Burns,36.3629588,-94.21595900000001
286,Genesis Sistemas & Inteligência Artificial,CEO,29 Sep 2020,Jerry Hughes,29.7045986,-95.8498707
287,Voxiva Perú,Junior Data Scientist,29 Sep 2020,Samantha Harris,-12.1453468,-77.02193559999999
288,Prefeitura Municipal de Mallet,Auxiliar Administrativo,29 Sep 2020,Briana Berger,-25.884008,-50.826448
289,Gmobil Sistemas,Desenvolvedor,29 Sep 2020,Juan Morrow,37.031874,-94.478875
290,Unimed Curitiba,Analista de Regulação em Saúde,28 Sep 2020,Shawn Coleman,-25.4251148,-49.2281754
291,Ipiranga Produtos De Petroleo,Analista de laboratório,28 Sep 2020,Philip Cook,-18.9975096,-48.395757
292,Datatype,System Analyst,25 Sep 2020,Karen Brown,37.5539752,-122.306323
293,Universidade do Estado do Rio Grande do Norte,Assistant Professor,25 Sep 2020,James Cox,-5.573772099999999,-36.9090367
294,Prepara Cursos - SJP,Gerente Comercial e Marketing,24 Sep 2020,Christina Thomas,-25.5355013,-49.2042187
295,Passalacqua & Cia Ltda,TI - Infraestrutura,24 Sep 2020,Angela Raymond,-16.7897497,-49.257135
296,Prefeitura Municipal de Ilha Solteira,Estagiário em Desenvolvimento de Software,24 Sep 2020,Raymond Diaz,-20.4265546,-51.3441743
297,FitBank Pagamentos Eletrônicos,Project Development Coordinator,24 Sep 2020,Kim Waller,-23.5807626,-46.6840856
298,FACIT - Faculdade de Ciências do Tocantins,Diretor Executivo,24 Sep 2020,William Jackson,-7.199863400000001,-48.2710674
299,Amvian Indústria e Comércio de Peças Automotivas,Líder de qualidade,23 Sep 2020,Gary Ingram,-23.1065387,-46.505049
300,CEPEM,Líder de Planejamento e  Controle Operacional,22 Sep 2020,Shannon Campbell,18.5604986,-72.2945739
301,Reclame Aqui,Technical Account Manager,22 Sep 2020,Diane Whitehead,40.741861,-73.989592
302,QSdoBrasil,Gestão de projetos,22 Sep 2020,Laura Valenzuela,-23.4993289,-46.637764
303,Freelancer,3D Artist,22 Sep 2020,Sandy Duffy,43.647375,-79.39816379999999
304,4Tune.ai,Data Science Intern,22 Sep 2020,Christopher Jones,,
305,Meritt - Cada aluno é único,Consultor em Arquitetura de Software ,22 Sep 2020,April Walker,-27.5888491,-48.5080568
306,Sicredi,Gerente de Negócios / Investimentos,22 Sep 2020,Sherry Johnson,-2.4254165,-54.7276507
307,PwC,"Finance Manager, Controller",22 Sep 2020,Rachel Smith,36.1399226,-94.1809318
308,Vórtx,Solutions Architect,22 Sep 2020,Emily Ramos,42.1859122,-122.6733934
309,EDICOM,International Account Manager,21 Sep 2020,Samantha Smith,40.7056685,-74.00609589999999
310,BTG Pactual digital,Data Scientist,21 Sep 2020,Monica Dixon,-23.5864794,-46.68207839999999
311,Centro de Excelência em Inteligência Artificial (CExIA) & Deep Learning Brasil,Researcher,21 Sep 2020,Lindsay Ross,,
312,Monitora Soluções Tecnológicas,Estagiário,21 Sep 2020,Larry Griffin,-22.0050587,-47.9040081
313,Sensorweb,Suporte & Operação,21 Sep 2020,Melanie George,33.7550439,-84.3896288
314,Inglês Particular,English Teacher,21 Sep 2020,Megan Aguirre,32.5220856,-117.1139033
315,Hypera Pharma,Analista BI - SR,20 Sep 2020,Ashley Miller,-16.6159905,-49.2645235
316,tembici.,Data Scientist,20 Sep 2020,Katherine Walter,-8.0515907,-34.8785749
317,Wenovity,Computer Vision Engineer ,19 Sep 2020,Amy Mcneil,,
318,Repom S.A.,Assistente de produtos II,19 Sep 2020,Crystal Paul,-23.5022189,-46.8511912
319,Hey Kid Health,Founder,19 Sep 2020,Kim Knight,41.99269899999999,-88.145928
320,GreenMile,Cientista de Dados jr,19 Sep 2020,Christina Mcmillan,28.4796332,-81.3121948
321,Instituto Água e Terra,Engenheiro Cartógrafo,18 Sep 2020,Monica Freeman,-25.4409532,-49.2578104
322,Grupo Portfolio,Consultor de Desenvolvimento de Negócios,18 Sep 2020,Kelly Clark,-3.7359138,-38.4900565
323,MAGNA SISTEMAS,Trainee Data Science | Big Data | Artificial Inteligence,17 Sep 2020,Michelle Lane,32.934935,-97.2454224
324,Autonomo,Profissional autônomo,17 Sep 2020,Joseph Jackson,41.975919,-87.712086
325,Anubis Corretora de Seguros,Diretor,16 Sep 2020,Kimberly Cook,-12.9195969,-38.35575499999999
326,Fundação Getulio Vargas,Especialista em Tecnologia Educacional,15 Sep 2020,William White,-22.9015133,-43.1769469
327,NANABOROK CONFECÇÃO ,Proprietário,14 Sep 2020,Brianna Tran,-22.1512344,-49.9590412
328,Gescon Solucoes,Consultora de Inteligência de Mercado,14 Sep 2020,Ricardo Jacobson,-12.9828586,-38.45515109999999
329,GAVB,Senior Data Scientist,14 Sep 2020,Jonathan Nguyen,-29.9198619,-51.1697768
330,Multivisi Comércio e Importação,Programador júnior,13 Sep 2020,Kelly Weaver,-3.7596754,-38.5392887
331,UBEC - União Brasileira de Educação Católica,Diretor Executivo de Operações do Grupo UBEC,11 Sep 2020,Frank Odom MD,-15.8225021,-48.00288390000001
332,MaxCar Serviços Mecânicos,Proprietário,11 Sep 2020,Dr. Gregory Brown,-23.1079171,-47.2113846
333,Stefanini Brasil,Senior Software Development Engineer,11 Sep 2020,Denise Singleton,37.541988,-77.4405724
334,Ibet ,Professor do Instituto Brasileiro de Estudos Tributarios (IBET) ,10 Sep 2020,Nicole Duffy MD,39.99368520000001,-83.0476556
335,Stone,Product Manager - Pricing,10 Sep 2020,Catherine Lane,37.06250000000001,-95.677068
336,ADVANCE Consulting,CEO,10 Sep 2020,Deborah Brown,41.8796763,-87.63560559999999
337,Recrutamento e Seleção,Proprietário,09 Sep 2020,Travis Mills,-9.615797899999999,-35.7344391
338,Universidade Tecnológica Federal do Paraná- Câmpus Londrina,Estagiário,08 Sep 2020,James Malone,-23.3075006,-51.1131833
339,Bradesco Cartões,Analista de inteligência de negócios,07 Sep 2020,Nathan Perez,-23.5487656,-46.7746204
340,Baymetrics Tecnologia,Process Technology Trainee,07 Sep 2020,Dana Kelly,-23.4927113,-46.8480458
341,Sistema FIERGS,Analista Corporativo Sênior,05 Sep 2020,Sabrina Brady,-29.9794396,-51.11187959999999
342,Genesys,Project Manager,05 Sep 2020,Gregory Ray,39.5651367,-104.8674599
343,Total Express,Coordenador de Operações,05 Sep 2020,Margaret Lopez,43.7012068,-79.62717959999999
344,Grupo Petrópolis,Analista de Inteligência Logística,05 Sep 2020,Mr. Mark Strong,-23.2636019,-47.6617677
345,SmartHint Technology LLC,Frontend Developer,04 Sep 2020,Frank Thompson,-25.433056,-49.283285
346,Thompson Management Horizons,Desenvolvedor da web,04 Sep 2020,Jerry Perry,39.1113895,-104.8485488
347,Pernambuco Radiadores,Proprietário,03 Sep 2020,Jennifer Cowan,-8.1747056,-34.9424782
348,Oi,Estagiário,03 Sep 2020,Mary Hodges,35.7688385,-95.3372809
349,Paddock Papelaria e Informática,Proprietário,01 Sep 2020,Preston Stephens,-23.6322231,-46.7003492
350,Universidade Paulista,Professor,01 Sep 2020,Jennifer Mcknight,-20.8432082,-49.4135354
351,EPEMA - EMPRESA PAULISTA DE EMBALAGENS AGROINDUSTRIAIS LTDA,extruso,01 Sep 2020,Jessica Johnson,-21.8238576,-48.1520637
352,Hospital Alemão Oswaldo Cruz,Medico Radiologista,31 Aug 2020,Allison Foster,-23.5692208,-46.6430118
353,EVOX TECHNOLOGY CORP,Desenvolvedor de Chatbot,31 Aug 2020,Meagan Lamb,33.849121,-118.223854
354,LLE Ferragens ltda - Ferragens Pisa,Analista de BI,31 Aug 2020,Jeremiah Lopez,-22.8678901,-43.2521695
355,Arquitetura Positiva Eireli,Sócio Diretor,31 Aug 2020,Maria Whitney,-22.3723284,-43.1271113
356,Pipolo Revestimentos,Proprietário da empresa,31 Aug 2020,Rebecca Rose MD,,
357,V2 Pesquisa e Análise de Mercado,Head Of Data Analysis,31 Aug 2020,Steven Smith,-23.4926302,-46.6316135
358,Unicorp Informática Industrial,Técnico de desenvolvimento de Software,31 Aug 2020,Jennifer Davies,41.3162743,-81.4649123
359,Hitachi ABB Power Grids,Power System Consultant Engineer,28 Aug 2020,Lori Rodriguez,35.773028,-78.676814
360,Refinaria Nacional de Sal S.A.,Assistente administrativo - Jovem Aprendiz ,28 Aug 2020,Derrick Obrien,-23.5688149,-46.647051
361,BairesDev,Machine Learning Engineer,27 Aug 2020,Amanda Dominguez,38.9349782,-77.1759708
362,Medium,Articulist,27 Aug 2020,James Thomas,38.91120790000001,-94.61304109999999
363,REASON - Grupo de Pesquisa em Avaliação de Risco em Sistemas Industriais e Naturais,Pesquisador de Mestrado,27 Aug 2020,Alexandra Davis,,
364,Autonômo,Consultor de TI,26 Aug 2020,Nicole Campbell,41.975919,-87.712086
365,C&A Brasil,Data Engineer,26 Aug 2020,Melissa Moore,-22.873636,-43.338021
366,ECOA PUCRIO,Estagiário,26 Aug 2020,Jacob Chen,-22.9795428,-43.2329454
367,Avibras,Engenheiro de desenvolvimento do produto Jr.,24 Aug 2020,Jacob Perry,-23.3209568,-45.81285949999999
368,EYEVISION Mídias Interativas,Founder e CEO,24 Aug 2020,Doris Williams,,
369,Loggi,Analista DBM,24 Aug 2020,Rachel Lee,39.262923,-74.645321
370,SpotPromo a serviço da LG Eletronics do Brasil LTDA    ,Instrutor de Treinamento – Telefonia ,24 Aug 2020,Jay Dunn,39.262923,-74.645321
371,Eletrobras,Analista Nivel Superior - Economista,24 Aug 2020,Kellie Jones,-3.1350144,-60.008731
372,Gerencianet,Analista de sistemas,24 Aug 2020,Lisa Cantrell,-23.5634382,-46.6547934
373,Dataminutes,Mentor e Consultor,23 Aug 2020,James Allen,,
374,Luby Software your way,DevOps Intern,23 Aug 2020,Jacqueline Rhodes,26.2877519,-80.2477775
375,Memora Processos Inovadores S/A,Desenvolvedor,23 Aug 2020,Richard Conrad,-15.789861,-47.91354399999999
376,Motorola Mobility (a Lenovo Company),Analista Financeiro,23 Aug 2020,Lauren Crawford,41.88852,-87.635448
377,Publicidade,Gerente de vendas MKT,23 Aug 2020,Sydney Hill,39.5518663,-8.9783362
378,Market & Business,Autonomous,22 Aug 2020,Dana Ortiz,36.0036661,-95.884394
379,ANPPD® - Associação Nacional dos Profissionais de Privacidade de Dados,Membro do comitê,22 Aug 2020,Karen Walker,-23.5250399,-46.6372982
380,Em busca de novos desafios!,Analista de TI ,22 Aug 2020,Renee Crawford,,
381,we distribuidora,Proprietário,21 Aug 2020,Melissa Meadows,-15.6518504,-56.1014462
382,Loggi,Desenvolvedor,21 Aug 2020,Brianna Allen,39.262923,-74.645321
383,UniTieup,Data Analyst ,21 Aug 2020,Shelby Sullivan,13.0132057,80.2327111
384,CIEE Centro de Integração Empresa Escola,Aluno estagiário,21 Aug 2020,Timothy George,43.6576434,-70.25097
385,Unimed Petrópolis,Supervisor de TI,20 Aug 2020,Bonnie Watson,-22.5048853,-43.1716963
386,Webdutos,Estagiário,20 Aug 2020,Jeff Whitehead,-23.0221581,-45.5512874
387,FAPESP,Scientific Initiation Researcher,18 Aug 2020,Jason Jackson,36.0014258,-78.9382286
388,Autônomo,Data Analyst,18 Aug 2020,Russell Burns,41.975919,-87.712086
389,Freelance,IT Consultant,17 Aug 2020,Carol Fry,38.1422606,-94.8137407
390,Grupo Educacional UNIS,Assistente de TI,17 Aug 2020,Rebecca Mendoza,-21.573116,-45.47834839999999
391,Paladin AI,Data Scientist,17 Aug 2020,Angela Watkins,32.9417555,-96.82295769999999
392,ICA Gruppen,Data Scientist,17 Aug 2020,David Morgan,40.8947334,-73.9425538
393,Université Paris 8,Data Scientist,17 Aug 2020,Brandon Wyatt,48.9447771,2.3629752
394,Stone,Engenheiro de dados Sênior,17 Aug 2020,Natasha Thompson,37.06250000000001,-95.677068
395,Stimmulus,Neuropsicopedagoga,15 Aug 2020,Catherine Hanson,34.0478539,-118.4395387
396,Huawei,DCO - Data Center Cloud Analyst,14 Aug 2020,David Flynn,37.3963241,-122.058367
397,Banco Itaú,Analista de Prevenção à Fraude,14 Aug 2020,Travis Lewis,25.7723394,-80.1877414
398,Supermercados Caetano,Desenvolvedor .Net,14 Aug 2020,Richard Clarke,-22.9623184,-46.9893379
399,Crypto ID® - Portal sobre Criptografia e Identificação Digital,Diretora de Conteúdo | Membro da ANPPD,14 Aug 2020,Nancy Green,-23.5479846,-46.65849859999999
400,Informa Markets - Brazil,Busines Intelligence Analyst,14 Aug 2020,Sheila Tran,-23.5655871,-46.7029226
401,Universidade do Estado de Minas Gerais,Professor,14 Aug 2020,Logan Black,-19.780733,-43.9487692
402,Loft,Data Scientist,13 Aug 2020,Phillip James,36.0633397,-95.88018079999999
403,Freelancer,FrontEnd Developer,12 Aug 2020,Jeremy Padilla,43.647375,-79.39816379999999
404,UFES - Universidade Federal do Espírito Santo ,Professor Universitário,12 Aug 2020,Andrea Brown,-20.2769549,-40.3046767
405,Goldman Sachs,Financial Crime Compliance Intern,10 Aug 2020,Amanda Walker,32.7876533,-96.7990344
406,Conductor,Developer Analyst II | Remote,10 Aug 2020,Paul Nelson,40.7463537,-73.9824982
407,Safetec Informatica,Diretor de Serviços e Inovação,10 Aug 2020,Mark Osborn,42.933803,-78.821812
408,Be2Consulting,Founder & Consultant,10 Aug 2020,Howard Santos,47.808651,-122.385714
409,Self-employed,Freelance Technical Writer,07 Aug 2020,Sydney Smith,41.53999109999999,-88.09929179999999
410,Itaú Unibanco,Client Risk and Suitability Analyst - WMS,06 Aug 2020,Kristen Navarro,25.7723394,-80.1877414
411,Trademaster Serviços e Participações SA,Analista de sistemas,06 Aug 2020,Morgan Hughes,,
412,IEEE Student Branch - UNESP Guaratinguetá,Vice-presidente,06 Aug 2020,Scott Herrera,-22.8030765,-45.1912525
413,EBDI - Enterprise Business Development & Information,Business Lover,06 Aug 2020,Steven Rocha,-7.0969468,-34.8375959
414, CNseg - Confederação Nacional das Seguradoras,Senior Systems Analyst | Product Owner,05 Aug 2020,Christopher Cox,-22.9099955,-43.1773699
415,Alpargatas S.A.,Analytics Manager,04 Aug 2020,Charles Oconnell,-22.4350337,-46.956561
416,Brasilprev Seguros e Previdência S.A,Desenvolvedora de back end,03 Aug 2020,Amanda Lee DVM,-21.1770738,-47.8095376
417,Sitel,Analista de suporte,01 Aug 2020,Charles Smith,35.1844253,-97.3978989
418,Grão Direto,Analista de dados e Desenvolvedor de software,01 Aug 2020,Sherry Hayes,-19.7483754,-47.9411937
419,CNPq - Conselho Nacional de Desenvolvimento Científico e Tecnológico,Pesquisador,01 Aug 2020,Brittany Morris,-15.8590676,-47.9270356
420,Parque Tecnológico Itaipu - Brasil ,Business Intelligence,31 Jul 2020,Autumn Palmer,-25.4362775,-54.5955769
421,LNCC,Bolsista de Iniciação Científica,31 Jul 2020,Ethan Washington,-22.529875,-43.2171745
422,Mult Consultoria Estratégica,Consultor,31 Jul 2020,Kevin Reilly,-5.7853824,-35.2062457
423,Senac MS,Consultor / Arquiteto de Software,31 Jul 2020,Nicole Black,-20.4677978,-54.6212771
424,TOTVS,Systems Developer Analyst,31 Jul 2020,Karen Gutierrez,37.4043887,-122.0770556
425,Scania Latin America,Senior Product and Quality Engineer,31 Jul 2020,Paul Lucero,-23.7127577,-46.5668296
426,VA Empreendimentos,Associate Founder,31 Jul 2020,Matthew Ramirez,28.3476273,-81.63214959999999
427,Vizentec S/A,Data Scientist,31 Jul 2020,Jennifer Mitchell,-16.750255,-49.322921
428,PROSP8 ComunicAtiva, IT and Agil Project Management Consultant,30 Jul 2020,Barbara Beck,,
429,Ipiranga Produtos de Petróleo,Analista de sistemas,30 Jul 2020,Laurie Bishop,-18.9975096,-48.395757
430,Siemens Energy,Programa de Desenvolvimento de Talentos,30 Jul 2020,Jason Reynolds,36.2225673,-95.27831080000001
431,TOTVS,Técnico de suporte,30 Jul 2020,Kyle Ward,37.4043887,-122.0770556
432,Votorantim,Engenheira de dados,30 Jul 2020,Nathaniel Jones,43.7100155,-79.35387349999999
433,Hospital Israelita Albert Einstein,Senior Data Scientist,29 Jul 2020,Nicole Myers,-23.5999606,-46.7152547
434,Hotmart,Data Scientist,29 Jul 2020,Lee Greene MD,25.4967024,-103.4035908
435,Secretaria de Estado da Saúde de Alagoas,Systems Analyst,29 Jul 2020,Matthew Wiley,-9.6701467,-35.7278242
436,RPSmart Sistemas,Analista de Suporte,28 Jul 2020,Danielle Powell,33.9638167,-84.11998349999999
437,Silimed Indústria de Implantes,Estagiário de Orçamento e Desempenho,28 Jul 2020,Sylvia George,-22.806303,-43.312304
438,MJV Technology & Innovation,User Experience Writer,28 Jul 2020,Olivia Russell,51.5009103,-0.1130874
439,Alstom Transport,Engenheiro de Sistemas,28 Jul 2020,Daniel Garcia,46.035152,-73.1285602
440,Machine Air,Data Scientist Júnior,28 Jul 2020,Christian Murray,36.1316391,-79.76113520000001
441,Vinícola Toscana,Estagiário,28 Jul 2020,Julia Cantrell,43.595557,11.3860055
442,KOMUH,Analista de BI,27 Jul 2020,Sarah Reid,-19.938831,-43.930019
443,TOTVS,Gerente de Projetos & Supply Chain,27 Jul 2020,Jorge Sanchez,37.4043887,-122.0770556
444,UNINASSAU,Professor,27 Jul 2020,Ryan Oliver,-10.925598,-37.0727014
445,B3,Analytics & Data Modeling,27 Jul 2020,Holly Durham,32.9991778,-96.90919939999999
446,Inteligencia de Negocios,Data Scientist Consultant,27 Jul 2020,Calvin Foster,44.8304543,-93.50427400000001
447,SVA Tech,Engenheiro de Visão Computacional,27 Jul 2020,Sue Hartman,40.7421459,-73.9955165
448,Raízen,Analista de Suporte Pl,27 Jul 2020,Philip Cole,29.7551426,-95.3632657
449,UENF - Universidade Estadual do Norte Fluminense,Bolsista Universidade Aberta,27 Jul 2020,Matthew Davis,-21.7620201,-41.2893524
450,CABAL BRASIL,Arquiteto de Soluções e Líder Técnico,27 Jul 2020,Amanda Glover,-15.7968316,-47.89044819999999
451,Itaú Unibanco,Analista de Validação de Modelos de Risco de Crédito,25 Jul 2020,Alisha Green DVM,25.7723394,-80.1877414
452,Procuradoria Geral da Fazenda Nacional,Estagiário de TI,25 Jul 2020,Albert Norton,-15.7962737,-47.8697143
453,Grupo Santa Casa BH,Cientista de dados,25 Jul 2020,Timothy Fitzgerald,-19.9238136,-43.9252798
454,Siemens Gamesa,HR & Global Mobility Intern at Siemens Gamesa,25 Jul 2020,Todd Buck,40.5831114,-91.426794
455,MAInd - Inteligência Artificial Aplicada,Co-Founder & CTO ,24 Jul 2020,Daniel Boyd,32.7719191,-117.188213
456,DataChemistry,Fundador,24 Jul 2020,Jacqueline Thompson,39.1052926,-84.4297926
457,PagSeguro UOL,Modeling and Risk Analyst,24 Jul 2020,Nicholas Marsh,-12.9124399,-38.4747625
458,Éstiam • École supérieure des technologies de l'information appliquées aux métiers,Consultant  Data Science / Formatrice Data,23 Jul 2020,Dana Smith,48.87558380000001,2.411106
459,LSL - Logística Sumaré LTDA ,Operador Logístico ,23 Jul 2020,Joshua Sullivan,-22.7741536,-47.1895301
460,Hypera,Analista de BI Sr.,23 Jul 2020,James Peters,55.6696359,21.1752437
461,"Grupo econômico no setor de alimentos, com atuação em atacado e varejo ","Analista de Suporte, Administração e Transporte",22 Jul 2020,Jill Thompson,,
462,CDHU - Companhia de Desenvolvimento Habitacional e Urbano do Estado de São Paulo,Consultor de BI,22 Jul 2020,Victoria Smith,-23.5461884,-46.6333324
463,VITTA,Front-end,22 Jul 2020,Madison Burnett,41.352164,-73.422153
464,Clicksign,Data Scientist (Python Developer),22 Jul 2020,Joanna Osborne,-23.5888867,-46.6813176
465,Novacki Papel e Embalagens S/A.,Analista de Sistemas Sênior,21 Jul 2020,Ashley Lawrence,-22.9522933,-47.2996902
466,IAD  Digital Artificial Intelligence  ,Digital Transformation Expert | Artificial Intelligence Strategist,21 Jul 2020,Laura Zhang,38.9010633,-77.03009879999999
467,Hidráulica & Pneumática,Trainee de engenharia,21 Jul 2020,Gerald Ramos,-23.5508714,-46.6041383
468,Centro Universitário UNA,Professor,21 Jul 2020,Jennifer Burgess,-19.9285969,-43.93786
469,Metrô de São Paulo,Operador de Transporte Metroviário II,20 Jul 2020,Justin Thompson,-23.5500991,-46.633321
470,Extreme Digital Solutions - EDS,Cientista de dados,20 Jul 2020,Shannon Cruz,40.880509,-74.2694641
471,desempregado,Desempregado,20 Jul 2020,Jacqueline Wong,-23.5404666,-46.6390985
472,Secretaria de Estado de Saúde de Minas Gerais,Técnico em Informática,20 Jul 2020,Denise Rowe,-19.7821785,-43.950924
473,ArcelorMittal,"Especialista em Governança, Riscos & Compliance",18 Jul 2020,Eric Evans,36.2236037,-95.7313992
474,Farm Solutions,Gerente de Sistemas TI,18 Jul 2020,William Smith,41.2332976,-95.4312372
475,"MODEC, Inc.",Data Scientist,18 Jul 2020,Deanna Davis,29.7839089,-95.64711679999999
476,Agroicone,Pesquisadora,17 Jul 2020,Nathan Ellis,-23.5536912,-46.6617237
477,Empresa Delírio Tropical ,Analista de suporte,17 Jul 2020,Matthew Hernandez,-23.0028614,-43.3216711
478,Maxicon Sistemas,Oracle Forms Developer,16 Jul 2020,Lindsey Jenkins,-24.720728,-53.7430418
479,CESAR,Coordinator of Technology and Education,16 Jul 2020,Kelly Johnson,37.8796747,-122.2689712
480,UFBA - Universidade Federal da Bahia,Coordenador técnico,16 Jul 2020,Denise Vargas,-13.003676,-38.5100127
481,Smart Consulting,IT Consultant / Quality Assurance,15 Jul 2020,Mr. David Mendoza,35.4884897,-97.53145819999999
482,Lambda3,Cientista de Dados | Inteligência Artificial,15 Jul 2020,Roger Rodriguez,-23.5522477,-46.66129309999999
483,Agrotis ,Analista de Implantação SAP B1,15 Jul 2020,Anthony Myers,53.6842842,16.7029153
484,Caterpillar Inc.,Quality Intern,15 Jul 2020,Phillip Sawyer,36.8890774,-91.9116586
485,Valid S.A.,Coordenador de Operações,14 Jul 2020,James Parker,34.1834641,-118.5969083
486,Araguaia Sistemas Ltda,Engenheiro de software,14 Jul 2020,Sean Robinson,-16.6776299,-49.3073293
487,ContaJÁ Contabilidade Online,Sócio - Diretor,14 Jul 2020,Mrs. Laurie Jones,-23.5447896,-46.5739165
488,Total Express,Especialista de processos logisticos,13 Jul 2020,Erika Tran,43.7012068,-79.62717959999999
489,Consultorias,Cientista de Dados e Consultor ERP,13 Jul 2020,Brenda Baker,28.654329,-106.1025578
490,Universidade do Contestado,Professor,13 Jul 2020,Maria Gates,35.9049122,-79.0469134
491,Invillia,Java | Kotlin Developer,13 Jul 2020,Christine Martinez,-21.8049737,-48.1736809
492,GAVB,Cientista de dados,13 Jul 2020,Susan Wiggins,-29.9198619,-51.1697768
493,Kumulus,Data Engineer and Analytics ,13 Jul 2020,Benjamin Miller,36.1312898,-115.1101589
494,Base/iD,Product Owner,13 Jul 2020,Nathan Acosta,35.4308384,-97.392798
495,Imagem – Soluções de Inteligência Geográfica,Cientista de Dados Júnior,13 Jul 2020,Candace Martinez,-23.1953315,-45.88087549999999
496,Data 7 Analytica,Cientista de Dados,11 Jul 2020,Nicole Watkins,,
497,Studos,Python/R Developer,11 Jul 2020,Kathleen Pearson,37.049497,-95.65024419999999
498,Control iD,Analista de Integração Pleno,11 Jul 2020,Caitlin Miller,47.70813769999999,-117.0278781
499,Allianz Brasil,Estatístico Sr,11 Jul 2020,Mallory Bell,33.8456761,-84.35942159999999
500,MI4U,Sócio | CTO,10 Jul 2020,Laura Rogers,,
501,MachLab,Co Founder | Professional Data,10 Jul 2020,Amanda Campos,41.6594594,-91.5479919
502,DP Content,Conteudista em Ciência da Computação,10 Jul 2020,Anthony English,32.5303467,-92.6450626
503,Olist,Senior Data Specialist,10 Jul 2020,Samuel Anthony,-25.4305857,-49.2920362
504,Serasa,DataOps Team Leader,09 Jul 2020,Kelly Hamilton,41.2674809,-96.0519576
505,Cred Center ,CredCenter ,09 Jul 2020,Alexandria Wright,39.8981232,-80.1862536
506,Caltra Projetos e Consultoria,Desenhista Mecânico,09 Jul 2020,Rachel Owen,-19.92147,-43.9945598
507,ClearSale,Analista de Inteligência,09 Jul 2020,Kiara Oneill,25.84231,-80.184764
508,IWM India Pvt Ltd,Business Development Associate,09 Jul 2020,Kimberly Love,28.620388,77.3884829
509,Nestlé,Internal Control and Compliance Analyst,08 Jul 2020,Kerry Jones,35.8197341,-90.5795421
510,Persera Consulting,Consultative Sales - Business Development - IT,08 Jul 2020,William Potter,42.4534492,-76.4735027
511,Davi & Associados Recursos Humanos,Headhunter - Jobhunter ,07 Jul 2020,Jessica Robinson,-23.3107312,-51.1578777
512,Meritt - Cada aluno é único,Node.JS Developer PL | Nest.JS | TypeScript,07 Jul 2020,Lisa Davis,-27.5888491,-48.5080568
513,Cooperativa De Laticinios Selita,Analista de sistemas,06 Jul 2020,Shannon Pearson,-20.8534709,-41.1251413
514,Richards Energy Consulting Group,President / Founder / Senior Project Manager,04 Jul 2020,Drew Acosta,40.1097048,-76.4441988
515,DAMA UK,Member of DAMA UK,04 Jul 2020,James Ross,51.5806054,-2.5345154
516,Pedro Arrais & Cia,Montador,03 Jul 2020,Alexander Montgomery,-24.1747327,-46.8174273
517,Nobritech Tecnologia e Sistemas,Diretor  Comercial,03 Jul 2020,Connie Santos,-23.5566363,-46.6613272
518,Adv.Digital,Founder at Adv.Digital,03 Jul 2020,Rickey Erickson Jr.,35.2385929,-80.9074562
519,FLSmidth,Projetista mecânico,02 Jul 2020,Joyce Nelson,44.6035873,-79.41553069999999
520,BlobCity,Chief Executive Officer,02 Jul 2020,Nichole Diaz,,
521,dti digital,Estagiário de desenvolvimento iOS ,01 Jul 2020,Mrs. Monica Cain,39.8976402,-86.0490951
522,Belarina Alimentos S/A,Analista de Suporte,01 Jul 2020,Yolanda Miller,-25.4868864,-49.3185131
523,XP Inc.,Treasury Risk Analyst,01 Jul 2020,Michael Thomas,39.6445099,-77.721284
524,New Tech Soluções Ltda.,Especialista em Desenvolvimento de TI,01 Jul 2020,Christopher Choi,45.6454147,-72.56147229999999
525,Neurotech,"Analytics, Data Science & Innovation Manager. at Neurotech",30 Jun 2020,Brian Hill,41.5717192,-93.623668
526,Impacto Hub,Partner ,30 Jun 2020,Janice Chapman,-19.9356989,-43.9317841
527,MeasuredRisk,Technical Consultant,30 Jun 2020,Kelly Wolfe,38.89743290000001,-77.0719611
528,Atvos,Assistente administrativo,30 Jun 2020,Steven Hernandez,-17.5356335,-52.2588975
529,Universidade Positivo,Professor,29 Jun 2020,Samantha Parker,-25.4460312,-49.3559145
530,Tr3s Colunas,Data Scientist,29 Jun 2020,Nicholas Lloyd,,
531,Universidade Federal do Ceará,Associate Professor,29 Jun 2020,Joshua Thomas,-3.7418917,-38.5390096
532,SOMOS Educação,Book Author,29 Jun 2020,Debra Hart,-23.566194,-46.6517657
533,UFPI - Universidade Federal do Piauí,Estudante de Graduação,29 Jun 2020,Joshua Oliver,-6.786642,-43.0409587
534,Segundo Tabelião de Notas de São José do Rio Preto,Tabelião de Notas,26 Jun 2020,Joshua Orr,-20.8134032,-49.3817236
535,Neurotech,Data Engineer,26 Jun 2020,Amy Herring,41.5717192,-93.623668
536,Arco Comercio De Tecidos,Proprietário,25 Jun 2020,Elizabeth Adams,28.6322674,-81.3968696
537,BlueBI Solution,Consultor business intelligence ,24 Jun 2020,Jamie Vargas,45.5546979,-73.4246536
538,Levio,Technology Consultant,24 Jun 2020,Christopher Dodson,43.6543614,-79.38752029999999
539,Benova® Digital Experience,Desenvolvedor | Analista | BI e SEO | E-commerce,24 Jun 2020,Linda Johnson,-25.4218264,-49.2440463
540,Saber Educação,Assistente de Business Intelligence,24 Jun 2020,Anthony Martin,-23.6693429,-46.492107
541,Canadian Western Bank,Risk Analyst,24 Jun 2020,Matthew Walker,48.4255149,-123.3648564
542,VictorDecor,Auxiliar administrativo,24 Jun 2020,Calvin Duffy,39.0699486,-94.5774239
543,Eco Sistemas,Analista de sistema,24 Jun 2020,Christopher Wu,25.6656348,-100.2733062
544,Mazars Brasil,Analista de Business Intelligence / Business Development,23 Jun 2020,Aaron Wilson,-23.5451645,-46.6372221
545,Technobot Solutions,Cientista de Dados - Sócio proprietário,23 Jun 2020,Carl Chaney,42.3057535,-83.4670762
546,IBM,Software QA Tester,22 Jun 2020,Brandy Wu,38.9186809,-94.6486255
547,Solar Coca-Cola,Analista Fiscal III,22 Jun 2020,Caleb Mason,32.4598384,-84.9952619
548,Bartofil Distribuidora,Diretor de tecnologia,22 Jun 2020,Jason Wells,-20.4185839,-42.9116661
549,MentorApp,Fundadora,22 Jun 2020,Amanda Taylor,-22.529875,-43.2171745
550,Kumulus,Cloud Computing | Infraestructure,22 Jun 2020,Vickie Thomas,36.1312898,-115.1101589
551,ForSell Sistemas,Analista Desenvolvedor VB.NET Júnior,20 Jun 2020,Matthew Hodge,-26.245991,-51.083423
552,Fundação Getulio Vargas,jovem aprendiz,20 Jun 2020,Denise Tanner,-22.9015133,-43.1769469
553,GAVB,Data Scientist,19 Jun 2020,Thomas Booth,-29.9198619,-51.1697768
554,Altran,Data Engineer Specialist,18 Jun 2020,Eric White,33.975342,-84.21503299999999
555,GB,Proprietário,18 Jun 2020,Jamie Wallace,33.857276,-118.167284
556,Atento Brasil,Data Science Consultant,16 Jun 2020,Kayla Curry,-9.975377,-67.8248977
557,Secretaria Municipal das Finanças de Fortaleza,Estagiário,16 Jun 2020,Brian Delgado,-3.729827,-38.5266333
558,Telefônica Brasil,Big Data Specialist,16 Jun 2020,Kelly Miller,-12.2756295,-38.9582074
559,EMPILHAPASSO MÁQUINA E EQUIPAMENTOS  LTDA,SÓCIO,16 Jun 2020,Emily Phillips,42.1605508,-71.11075149999999
560,Complexo Educacional FMU,Professor,15 Jun 2020,Meredith Daniel,-20.3365951,-40.2877869
561,"Freelance, self-employed",Shayd IT,15 Jun 2020,Jerry Martinez,40.7042318,-73.9870246
562,Moveis Campo Largo,E-Commerce,15 Jun 2020,Anthony Weber,-25.4515896,-49.5419642
563,Estante Mágica,Embaixador Mágico,15 Jun 2020,Theresa Ross,-22.9271872,-43.1792823
564,Nexio,Senior Data Analyst,13 Jun 2020,Carl Vega,40.3108396,-111.6589273
565,Guapi Papeis,Lead Information Technology Specialist,12 Jun 2020,Mary Hanson,-22.5484478,-42.9824182
566,Embrapa,Postdoctoral Researcher at Embrapa,12 Jun 2020,Alan Brown Jr.,2.9406676,-60.71729369999999
567,4Sec Global,Diretor,12 Jun 2020,Richard Reynolds,,
568,labsit,Product Owner,10 Jun 2020,Connor Holland,-23.5688619,-46.6464484
569,Alldesk,Cientista de dados,09 Jun 2020,James Anderson,-3.7280656,-38.5260609
570,UOTZ,Experience Design Director  ,09 Jun 2020,Tara Baker,-23.5642551,-46.6813303
571,Aurora Produtos Naturais ,Proprietário,09 Jun 2020,Tara Morales,-22.474172,-45.6187578
572,Centro Universitário Farias Brito,Professor na MBA de Ciências de Dados,08 Jun 2020,Dawn Barrera,-3.7364486,-38.4865229
573,DCEM,Head of Data Science & Analytics,08 Jun 2020,Kelly Lang,,
574,Teclogica,Analista de sistemas,08 Jun 2020,David York,28.2153842,-105.432043
575,Prepara Cursos Profissionalizantes,Educador,08 Jun 2020,Stacey Walls,-1.4390641,-48.4789071
576,Itaú Unibanco,Gerente de qualidade de software,08 Jun 2020,Marc Schmidt,25.7723394,-80.1877414
577,Aikont ,Desenvolvedor Backend,08 Jun 2020,Cynthia Baker,-5.1812849,-40.668723
578,Itaú Unibanco,Engenheiro de software,08 Jun 2020,Matthew Aguilar,25.7723394,-80.1877414
579,Stefanini Brasil,Artificial Intelligence Developer,08 Jun 2020,Janice Jones,37.541988,-77.4405724
580,Microsoft,Vice President of Customer Success and CTO,08 Jun 2020,Troy Smith,36.0725663,-95.8886636
581,Instituto Tecnológico de Aeronáutica - ITA,Doctoral Researcher,08 Jun 2020,Rodney Cardenas,-23.2108714,-45.8753055
582,Smartronic Tecnologia,Desenvolvedor Full-Stack | Engenheiro Eletrônic,08 Jun 2020,Amanda Lambert,43.190526,-89.437921
583,Eirene Solutions,ML Engineer / Engenheiro de Machine Learning,08 Jun 2020,Michael Hernandez,-30.0586387,-51.1733803
584,D.A. Participacoes E Empreendimentos,Gerente de segurança da informação,08 Jun 2020,Paula Glenn,-25.435426,-49.2600275
585,Haze Shift Design Studio ,Digital Transformation Leader & Co-Founder,08 Jun 2020,James Richardson,37.7539219,-122.4118511
586,Kintegra,Sócio,08 Jun 2020,Angela Smith,35.2341222,-81.2035547
587,Intelligenz Technologies,Executivo de desenvolvimento de negócios e parcerias,08 Jun 2020,Kelli Barrett,33.6799834,-117.853437
588,C&A Brasil,Líder Prevenção De Perdas,07 Jun 2020,Victor Jones,-22.873636,-43.338021
589,Siemens,Estagiário,07 Jun 2020,Melissa Briggs,36.0902697,-95.841836
590,Investimento Solar,Founder,07 Jun 2020,Mark Chapman,-22.112137,-48.3158033
591,INAPEED,Cientista de dados,07 Jun 2020,Alicia White,-2.5272963,-44.22372319999999
592,Dbm Contact Center,Gerente de Projetos TI,07 Jun 2020,Daniel Brennan,-25.468114,-49.2979707
593,Invillia,Analista de sistema,07 Jun 2020,Yolanda Martin,-21.8049737,-48.1736809
594,Mobly,Data Scientist,07 Jun 2020,Courtney Edwards,33.101059,-96.80175489999999
595,Extrack ,Fundadora e CEO ,07 Jun 2020,Amanda Jones,36.3667228,-95.92507979999999
596,MakeITSimple,Analista de dados,07 Jun 2020,Jessica Thomas,40.3806066,-111.8638945
597,Instituto Sou+Estudante,Estudante de Graduação,07 Jun 2020,Alexander Watts,,
598,Centro ALGORITMI,Machine Learning Researcher,07 Jun 2020,Bethany Wallace,41.4525802,-8.2904401
599,Procenge,Database Administrator (AD) Jr.,07 Jun 2020,Sarah Robinson,-8.0628005,-34.872746
600,IFSUL - Instituto Federal Sul-rio-grandense,Professor,07 Jun 2020,Ryan Romero,-31.7576761,-52.3336171
601,Resource IT Solutions,Desenvolvedor Jr,07 Jun 2020,Elizabeth Williams DDS,40.89856899999999,-73.08568199999999
602,Efetividade Tecnologia,Cientista de dados,07 Jun 2020,John Barnes,-9.912653599999999,-36.355382
603,Universidade Federal de Alagoas,Assistant Professor (Lecturer),07 Jun 2020,Ms. Chelsea Combs,-9.555682299999999,-35.7778769
604,grupo twg do brasil,Executivo de SEO,07 Jun 2020,Sylvia Burns,49.2852112,-123.1227233
605,Ambev Tech,Devops Analyst,07 Jun 2020,Rebekah Gibson,38.2364269,-122.0937401
606,Adaptor,Embedded Application Designer,07 Jun 2020,Jordan Hubbard,43.0055028,-87.9805095
607,Ciência de Dados,Engenheiro de software sênior,07 Jun 2020,Jennifer Mcdonald,-15.796378,-47.89041599999999
608,Livre Benefícios,DBA/Desenvolvedor SQL Server na Livre Benefícios ,07 Jun 2020,Valerie Henry,29.75857,-95.3655402
609,Seguradora Líder-DPVAT,Analista Administrativo - Orçamento e Custos,07 Jun 2020,Marissa Thomas,-22.9059584,-43.1779283
610,CHG-MERIDIAN,Credit Analyst,07 Jun 2020,Jacob Flynn,34.1786177,-118.6026779
611,Zup Innovation,Executive Recruiter,07 Jun 2020,Linda Rivera,-19.9290936,-43.9318449
612,Deal,Cientista de Dados Sr ,07 Jun 2020,Michael Mitchell,40.243168,-74.0006927
613,Representante,Representante de atendimento ao cliente,07 Jun 2020,Kristin Cruz,37.09024,-95.712891
614,Semantix Brasil,Senior Data Engineer,07 Jun 2020,Michael White,-23.572752,-46.7032508
615,InfoHand,Head Of Product Management,07 Jun 2020,Kathleen Carroll,40.2743292,-111.6984679
616,S.L Participações - Grupo Regina S/A,Analista de Dados,07 Jun 2020,Matthew Phillips,-23.324148,-51.1673215
617,Universidade Positivo,Professor,07 Jun 2020,Sean Chang,-25.4460312,-49.3559145
618,Ampernet Telecom,Técnico em Telecom,07 Jun 2020,Cesar Mitchell,-23.4237464,-51.94330369999999
619,Sistema FIEC,Desenvolvedor,07 Jun 2020,Ashley Hooper,-3.7411617,-38.5090932
620,Decode,Models Team Leader,07 Jun 2020,Gloria Rodriguez,29.7381015,-95.3908154
621,Wanke SA,Controller,07 Jun 2020,Nancy Spencer,-26.896018,-49.264765
622,Escola Técnica Liceu de Artes e Ofícios de São Paulo,Professor,07 Jun 2020,Samantha Johnson,-23.532967,-46.6269842
623,SERPRO,Analista,27 May 2014,Stephen White,38.678433,-90.3955154
