,CONTENT
0,"Hi Milos! We are developing a kind of a social network in our platform, so it will be possible to post jog opportunities there (I think in 1 or 2 months)"
1,"Hi Jones,  We are after an IOS developer with security encryption or blockchain experience for a REMOTE can start part-time and switch to Full-time contract. (we also need a Swift dev)  Client is US based. our budget is 25 usd/ hour.   How is your spoken English [rate of 0- 10]?  "
2,"Valeu, Anderson"
3,"Obrigado Jones  por me adicionar! Eu tamb√©m sou aluno seu l√° na udemy no cirso de machine learning, valeu um abra√ßo "
4,üëç
5,VAleu Nilo :)
6,Parab√©ns e √≥timo 2021 para vc Jones.
7,Congrats on your work anniversary!
8,üëç
9,Ol√° Nilo! Vi seu e-mail e em breve respondo por l√° :)
10,"Ol√° Jones, tudo bem?  Meu nome √© Nilo Guimar√£es e, assim como voc√™, sou Professor na Plataforma UDEMY. (https://www.udemy.com/user/nilo-guimaraes)  Recentemente fiz uma estrat√©gia que aumentou consideravelmente as minhas vendas e do Instrutor UDEMY parceiro Fernando Amaral.  Basicamente o que fizemos foi colocar o Fernado Amaral¬†como co-autor, em um dos meus cursos, de forma que ele pode enviar um an√∫ncio UDEMY, para seus mais de 86 mil alunos, divulgando o curso. Com um √∫nico an√∫ncio UDEMY conquistamos muitos novos alunos para o curso em co-autoria e esta a√ß√£o rendeu uma boa receita extra para n√≥s. Visto que voc√™ tem mais de 57¬†mil alunos eu imagino que acontecer√° um pico de vendas se fizermos uma parceria semelhante em algum de nossos cursos. O que voc√™ pensa a respeito desta ideia?  Obrigado! Nilo Guimar√£eshttps://www.linkedin.com/in/"
11,"Ol√° Diego!Tem nesse curso abaixo, mas nada muito avan√ßado https://iaexpert.academy/courses/tensorflow-20-guia-completo-novo-tensorflow/"
12,"Jones, boa noite! Tudo bem? Voc√™ tem algum curso sobre deploy de ML? Hoje eu fa√ßo isso usando pickle, mas acredito n√£o ser uma boa pr√°tica."
13,"Ol√° Davi! Se puder repassar esse texto para o e-mail jones@iaexpert.com.br, que a√≠ fica mais f√°cil pra eu responder"
14,"Ol√° Jones, tudo bem?  Eu comprei  alguns cursos seus sobre machine learning e vis√£o computacional. Eu estou fazendo meu TCC de engenharia e gostaria de saber se voc√™ poderia me tirar uma d√∫vida. O TCC √© sobre organiza√ß√£o de produ√ß√£o e estoque. Estou montando um robozinho com Raspberry PI e Arduino. Meu objetivo √© usar vis√£o computa√ß√£o para o rob√¥ reconhecer alguns objetos (√† princ√≠pio ser√£o 3 cubos com cores diferentes) e transport√°-los at√© um determinado ponto. Estou finalizando o seu curso sobre o m√©todo haarcascade e ele n√£o me parece ser o m√©todo mais indicado para isso. Voc√™ poderia me recomendar algum m√©todo de reconhecimento de objetos para usar no rob√¥? Estou pensando na possibilidade de usar QRCode, acha vi√°vel?  Desde j√° agrade√ßo!"
15,Valeu Dagoberto :)
16,"Oi Jones, desejo um 2021 exuberante para voc√™ e sua fam√≠lia. Muitos dos nossos clientes est√£o concentrando os treinamentos para as equipes de vendas em Janeiro e Fevereiro, assim, ter√£o os resultados de aumento de vendas ainda no primeiro semestre.  Estou enviando o link onde disponibilizamos nosso cat√°logo com todos os treinamentos que estamos oferecendo e a tabela de pre√ßos. Talvez voc√™ queira passar o link para sua equipe de vendas ou RH para que eles escolham os treinamentos para o primeiro trimestre. https://www.advanceconsulting.com.br/treinamentos  Estou √† disposi√ß√£o para ajudar a escolher os melhores treinamentos para sua equipe de vendas. Abra√ßos."
17,"Oi Jones, O mercado crescer√° 9,5% em 2020 e 10% em 2021 A constata√ß√£o vem da pesquisa que a ADVANCE faz trimestralmente para identificar a percep√ß√£o dos empres√°rios de TI com o momento de mercado. Na pesquisa feita em Outubro de 2020 os empres√°rios de TI se mostraram surpresos, positivamente, com os resultados de 2020 e otimistas com o mercado em 2021.  Convido voc√™ a acessar o relat√≥rio completo da pesquisa em: https://www.advanceconsulting.com.br/pesquisa  Abra√ßos. Dago."
18,Entendi! Valeu por avisar! Vamos dar uma olhada
19,N√£o sei se conseguir explicar muito bem
20,"Jones, quando clica com o bot√£o direito em cima do v√≠deo e coloca em inspecionar e procuro por mp4, o usu√°rio consegue encontrar o link do v√≠deo e com isso faz o download."
21,Ol√° Renato! Poderia passar mais detalhes? E que bom que est√° gostando dos cursos :)
22,"Boa Tarde Prof¬∫ Jones! Tudo bem?¬† Espero que sim. Encontrei uma falha no site da IA EXPERT ACADEMY, onde est√° sendo poss√≠vel fazer download das aulas. Espero ter ajudado. Parab√©ns pelos cursos...s√£o √≥timos!!!"
23,Valeu Rog√©rio :)
24,Parab√©ns pelo seu anivers√°rio de empresa!
25,Muito obrigado professor Jones! Abra√ßo!
26,"D√™ uma olhada no e-book na p√°gina principal do site www.iaexpert.academy, que tem algumas dicas sobre esse assunto :)"
27,"Bom dia professor Jones! Muito obrigado pelo retorno.  Outra d√∫vida seria, voce acha importante uma P√≥s Gradua√ß√£o em Ci√™ncias de Dados?"
28,"Ol√° Vinicius! A grade parece interessante, por√©m, d√™ uma olhada em avalia√ß√µes/coment√°rios (se tiver). Achei falta de disciplinas sobre deep learning, que √© uma das √°reas mais importantes"
29,"Ol√° professor Jones, boa tarde! Tudo bem com voc√™? espero que sim.  Sou formado em Analise e Desenvolvimento de Sistemas, atualmente sou desenvolvedor web.  Gostaria de estar estudando sobre Ci√™ncias de Dados.  Voc√™ me recomendaria o curso de P√≥s Gradua√ß√£o EaD Ci√™ncias de Dados na Universidade Anhembi Morumbi. ( encurtador.com.br/egJTZ )  Muito obrigado professor Jones."
30,"Ol√° %FIRSTNAME%,   A Zendesk est√° ajudando empresas como Nubank, Magazine Luiza e Loggi a escalarem suas opera√ß√µes de atendimento sempre com o foco no cliente. Nossas solu√ß√µes unificam toda comunica√ß√£o com o usu√°rio em uma plataforma, seja ela por chat, e-mail, WhatsApp ou telefone, garantindo rapidez no tempo de resposta e maior produtividade da sua equipe.    Voc√™ gostaria de descobrir como a Zendesk pode ajudar a %COMPANYNAME% a atender seus clientes de maneira mais r√°pida e eficiente? "
31,"Obrigada por esta dica, vou dar uma olhada l√° tb..."
32,Que bom que est√° gostando!! :) Tem mais algumas m√©tricas no curso Ci√™ncia de Dados para Empresas e Neg√≥cios
33,"To amando suas aulas, e ahhhh eu tinha te mandado um email buscando informa√ß√µes sobre metricas e encontrei l√° no curso de ML de A a Z (Python)¬†ü§ì..."
34,Obrigado Fabiola :)
35,Parab√©ns pelo seu anivers√°rio de empresa!
36,Ol√° Antonio! Pior que n√£o sei indicar n√£o :(
37,vc pode me recomendar bons foruns para tirar d√∫vidas sobre computer vision?
38,Oi jones
39,De nada
40,Obrigado :)
41,Congrats on your work anniversary! üëèüëè
42,hahaha
43,Obrigado üëç (Aham hahahaha)
44,Aham
45,Parece bom. Vou verificar. Esta no site iaexpet ?
46,O passo a passos dos cursos para seguir
47,üôè Muito obrigado por aceitar meu convite. Agora vou aprender mais ainda com sua parceria üëç. O que s√£o trilhas no site ?
48,Legal Claudinei! Bem-vindo¬† e qualquer coisa √© s√≥ mandar mensagem :) J√° chegou a ver as trilhas no site?
49,"Sou um dos seus milhares de alunos. Parab√©ns pelos cursos disponibilizados na Udemy e no IA Expert no youtube ! Adquiri quase todos os seus cursos com python e Tensorflow. Meu foco atualmente √© ser Data Scientist. Eu gostaria muito de participar se sua rede linkedin, para aprender mais. Obrigado"
50,Obrigado :)
51,Parab√©ns pelo seu anivers√°rio de empresa Jones!!
52,Ol√° Aline! Obrigado pelas boas-vindas :)
53,Ola Jones! Bem-vindo a minha rede! 
54,Obrigado :)
55,Parab√©ns pelo seu anivers√°rio de empresa! Abs. 
56,Thanks :)
57,Congrats on your work anniversary!
58,"Legal Jo√£o, espero que aproveite :)"
59,"E a√≠, Jones! Tudo certo? Sou um novo aluno do portal IAExpert e estou come√ßando meu primeiro curso! "
60,üëç
61,Valeu :)
62,"Parab√©ns Jones, pelos 2 anos de DA!"
63,"Legal, a√≠ pro litoral tem bem mais vagas n√©?"
64,As empresas que ando vendo as vagas s√£o Floripa e Joinville
65,"agora to em BC novamente, mas estava em Criciuma na Betha Sistemas, ai estou home office, mas alocado na filial de Palho√ßa"
66,E a√≠ Leonardo! Est√° em qual cidade? Veja as trilhas aqui:¬†https://iaexpert.academy/trilhas/
67,"Tava olhando os requisitos das vagas, e tu aborda em v√°rios cursos que vi na Udemy"
68,"Fala professor, devo virar teu aluno de novo em breve kkkkkk, comecei a estudar um pouco de python, t√¥ vendo muita vaga pra cientista de dados aqui pela regi√£o"
69,üòÄ
70,Parab√©ns pelo seu anivers√°rio de empresa!
71,Valeu! :)
72,Parab√©ns pelo seu anivers√°rio na UNC! Sucesso!
73,:)
74,"Valeu, Hamilton"
75,"Com certeza. Eu conheci sua voz assim que come√ßou o v√≠deo (desculpe, mas n√£o lembrava o nome) do seu curso na Udemy que estou quase terminando (Forma√ß√£o Cientista de Dados com Python e R), mas que pretendo refazer para consolidar os conceitos. Valeu!"
76,Ol√° Hamilton! Espero que goste dos v√≠deos :)
77,Acabei de achar os seus v√≠deos no Youtube.
78,"Hi Jones,  I founded Teachinguide.com to help Udemy Instructors like you with detailed insights and tools. Would love to connect with you.  Best Tom "
79,Ol√° Murilo! Envie mais detalhes para o e-mail contato@iaexpert.academy
80,"Ol√° Jones, tudo bem? Eu comecei um projeto chamado Elo Science, e nesse projeto j√° tive a oportunidade de entrevistar umas pessoas sobre tecnologia e tenho buscado trazer cada vez mais pessoas para falar sobre a √°rea de tecnologia e dados. Gostaria de saber se voc√™ teria essa disponibilidade de gravar uma conversa para o YouTube? Abra√ßos"
81,üëç
82,Que bom que est√° gostando Fernando :)
83,"Oi Jones, Gosto muito de seus cursos tanto que j√° devo ter comprado quase todos via Udemy rs, parab√™ns pelo √≥timo conteudo!!!"
84,AULA AO VIVO NO INSTAGRAM √ÄS QUARTAS-FEIRAS √ÄS 19H!!!  --- @josuepereira1095 ---   VENHA EVOLUIR O TEU ENGLISH!!!
85,"Hi there,  Passando para lhe apresentar novamente um m√©todo EFICAZ e EXCLUSIVO em que, aprender√° no teu ritmo do teu computador, celular ou tablet.  Comece agora, seja qual for o teu n√≠vel.  Tamb√©m, lhe convido a participar da minha LIVE, as quartas-feiras, √†s 19h no INSTAGRAM, com a dura√ß√£o de APENAS 20 minutos.  --- @josuepereira1095 ---   CONTE√öDO: Resumo GERAL do INGL√äS B√°sico ao Avan√ßado.   Ficarei muito grato em v√™-lo l√°, Okay?  Concluindo, por onde quer que eu comece acerca das aulas, pelos valores ou metodologia?"
86,"Hey, Teacher Josu√© Pereira!!!   Estude INGL√äS online e ao vivo comigo (o teu TEACHER) com aulas personalizadas.   FOCO: Fala e compreens√£o auditiva.   B√îNUS: MATERIAL em que lhe adquir√° vocabul√°rios para desenvolver a tua convers√£o.   Gostaria de lhe convidar para a minha LIVE, todas as quartas-feiras √†s 19h no INSTAGRAM e com a DURA√á√ÉO DE 20 MINUTOS.  --- @josuepereira1095 ---   CONTE√öDO: Resumo GERAL do INGL√äS B√°sico ao Avan√ßado.   Ah, ficarei EXTREMAMENTE honrado em lhe ver l√°, Okay?   Em suma, por onde voc√™ quer que eu comece, pelos valores das aulas ou pela nossa metodologia?"
87,Agrade√ßo o seu compartilhamento de conte√∫do
88,Que bom que est√° gostando Nikolas¬†üòÄ
89,Boa tarde. Sou assinante do IA Expert e esotu admirando muito o seu cont√©udo. Parab√©ns
90,"Valeu, Jones"
91,Valeu pelo contato Jonathas :)
92,"Ol√° Professor Jones Granatyr! Meu nome √© Jonathas, sou m√©dico veterin√°rio e seu aluno de Redes Neurais e Deep Learning na IA Expert Academy. Tenho aprendido muito em suas brilhantes aulas, quero trabalhar nesse campo do saber e no que eu puder ser √∫til fico ao seu dispor! Abra√ßo e tudo de bom!"
93,"Ol√° %FIRSTNAME%,   A Zendesk est√° ajudando empresas como Nubank, Magazine Luiza e Loggi a escalarem suas opera√ß√µes de atendimento sempre com o foco no cliente. Nossas solu√ß√µes unificam toda comunica√ß√£o com o usu√°rio em uma plataforma, seja ela por chat, e-mail, WhatsApp ou telefone, garantindo rapidez no tempo de resposta e maior produtividade da sua equipe.    Voc√™ gostaria de descobrir como a Zendesk pode ajudar a %COMPANYNAME% a atender seus clientes de maneira mais r√°pida e eficiente? "
94,Enviado Jones. Agrade√ßo a aten√ß√£o.
95,Ol√° Armindo! Manda para o e-mail contato@iaexpert.academy
96,"Seria mais ou menos esse o roteiro, Agrade√ßo se puder ajudar"
97,A atividade √© uma entrevista com algu√©m que desempenha a atividade de cientista de dados ou similar
98,Jones boa tarde. Sou assinante da IA expert e se poss√≠vel gostaria de uma colabora√ß√£o sua  uma atividade que preciso fazer para a faculdade.
99,OK
100,"Ol√° Jason! Poste a d√∫vida no f√≥rum do curso, que fica mais f√°cil pra responder"
101,"Ou seja, dados n√£o faltam "
102,"O TSE disponibiliza milhares de dados sobre campanhas desde 1945, se n√£o me engano "
103,"Usando o que foi ensinado nesse m√≥dulo eu consigo criar um sistema capaz de prever se algu√©m pode ser eleito vereador, por exemplo?"
104,Terminei agora o m√≥dulo ‚ÄúDepartamento de recursos humanos‚Äù
105,Estou fazendo o curso Ci√™ncia de Dados para Empresas e Neg√≥cios 
106,Sua did√°tica √© √≥tima. Parab√©ns mesmo!
107,Eu que sou iniciante no mundo da IA estou achando o m√°ximo 
108,"Professor, primeiramente eu gostaria de parabenizar pelo conte√∫do da IA expert "
109,Ol√° Jason! Respondi l√° no insta
110,"Boa tarde, Jones.  Quero aprender sobre IA, Machine Learning, Deep Learning, Redes Neurais, etc.   Mas eu n√£o sei nem programar, ainda.  A IA expert serve pra mim? Recebi e-mail de voc√™s sobre a promo de black friday."
111,Sure will do that shortly.
112,"Hi Shrey,  Can you send me more details to contato@iaexpert.academy?  Jones"
113,Hi Jones  I hope you're in the pinkest of your health. I saw your interest in developing an online course with Udemy in the field of Artificial Intelligence.  I would like to discuss with you a similar yet intriguing yet paid opportunity for mentoring students through e-learning.  Thanks Shrey Tyagi
114,Legal Robson!!
115,"Conhecimento top, n√© cara? Inclusive no processamento de linguagem natural (ainda UDEMY)¬† utilizei alguns recursos para fechar minha tese de doutorado. Brigad√£o"
116,"Valeu Robson, que bom que est√° gostando :)"
117,Sou aluno no IA Expert - Excelente os cursos - Parab√©ns!
118,"<p class=""spinmail-quill-editor__spin-break"">Ol√°,&nbsp;Jones.</p><p class=""spinmail-quill-editor__spin-break""><br></p><p class=""spinmail-quill-editor__spin-break"">O LinkedIn valoriza usu√°rios como voc√™. Por isso, estamos oferecendo a voc√™ uma demonstra√ß√£o gratuita do Sales Navigator.</p><p class=""spinmail-quill-editor__spin-break""><br></p><p class=""spinmail-quill-editor__spin-break"">Com o Sales Navigator voc√™ tem acesso aos seguintes recursos adicionais:</p><p class=""spinmail-quill-editor__spin-break""><br></p><ul><li><strong>20 InMails por m√™s</strong>, para que voc√™ entre em contato com qualquer pessoa, mesmo que n√£o estejam conectados</li><li><strong>Quem viu seu perfil</strong>, para visualizar todos os que visitaram seu perfil nos √∫ltimos 90 dias</li><li><strong>Pesquisas ilimitadas</strong>&nbsp;com filtros especiais, incluindo fun√ß√£o, n√≠vel de experi√™ncia e grupos</li><li><strong>Insights pr√°ticos e not√≠cias</strong>, com atualiza√ß√µes sobre suas contas e leads salvos</li><li><strong>Recomenda√ß√µes</strong> de leads&nbsp;para ajudar voc√™ a encontrar os potenciais clientes certos nas contas certas</li></ul><p class=""spinmail-quill-editor__spin-break"">Inicie hoje mesmo sua&nbsp;<a rel=""noopener"" href=""https://www.linkedin.com/premium/products/?displayProducts=&amp;family=sales&amp;type=premium&amp;_ed=0_bvLJH59RTSY-u5c6PMUa4JXXe2RPtkIdGjmx3tjvRJk&amp;src=li-in&amp;trk=spin_mktg_sbd_20q3_latam_PT_v1_UPM_1330&amp;mcid=6634077391323049984"" target=""_blank"">demonstra√ß√£o gratuita</a>&nbsp;e aproveite todo o potencial do LinkedIn, a maior rede profissional do mundo, com mais de 645 milh√µes de usu√°rios.</p><p class=""spinmail-quill-editor__spin-break"">&nbsp;</p><p class=""spinmail-quill-editor__spin-break"">Atenciosamente,</p><p class=""spinmail-quill-editor__spin-break"">Jen e equipe do Sales Navigator</p>"
119,Obrigado!!¬†üòÄ
120,"Ol√°, Jones  Por sua colabora√ß√£o no projeto #quarentema37, tenho o prazer de entregar a voc√™ um exemplar totalmente gratuito do e-book Novos Produtos e Servi√ßos na Educa√ß√£o 5.0 ‚Äì uma pesquisa aprofundada e abrangente, realizada a partir dos recursos apresentados no projeto.  Para baixar o e-book, basta acessar http://bit.ly/dse-filatro, clicar na caixinha ‚ÄúInsira um cupom de desconto‚Äù e digitar o c√≥digo personalizado 3CED-M2UH9U-LGPEAU.  O cupom √© v√°lido at√© 28/02/2021.  Mais uma vez, muito obrigada por sua parceria. Conto com sua colabora√ß√£o para divulgar o livro nas redes sociais.  Grande abra√ßo,  Andrea Filatro"
121,"Sim, claro. Essa √© a ideia!"
122,Posso fazer um coment√°rio sobre o meu trabalho l√° no post que me marcou?
123,Blz Andrea! Vou ver o post l√° :)
124,"Vou recomendar no Desafio #quarentema37, que √© uma discuss√£o que estou moderando aqui no Linkedin sobre Novos produtos na Educa√ß√£o 5.0.   Tomo a liberdade de te marcar no post de recomenda√ß√£o e, se voc√™ quiser contribuir com 1 ou 2 par√°grafos, ser√° uma honra contar com sua participa√ß√£o.  Abs, Andrea Filatro"
125,Maravilha! Muit√≠ssimo obrigada!
126,As mensagens est√£o voltando quando envio para seu email Segue o link:¬†https://drive.google.com/file/d/1zGhWy_3INoP8-PidXmr8xcYtVuexY89W/view?usp=sharing
127,Obrigada 
128,N√£o recebi n√£o. O e-mail √© afilatro@uol.com.br
129,"Ol√°! S√≥ pra confirmar, recebeu o link com o livro que lhe passei? Que deu erro na caixa de e-mail"
130,üëç
131,Ol√° Andrea! Consegue enviar essa d√∫vida para meu e-mail jones@iaexpert.com.br? Que a√≠ encaminho para o Raul que trabalha em Portugal com esse tema :)
132,"Ol√°, Jones  Assisti a alguns v√≠deos seus em que voc√™ fala sobre sistemas de tutoria inteligente que reconhecem emo√ß√µes do aprendiz e fazem adapta√ß√µes de percurso ou conte√∫do.  Voc√™ poderia citar alguns exemplos?  E tamb√©m gostaria de saber (alguns de) seus cursos na IA Expert Academy utilizam esse recurso.  Muito obrigada, Andrea Filatro"
133,"Ol√° Jones! Estou fazendo seu curso de IA e Machine Learning na Udemy. Curso excelente! Atualmente, trabalho nessa √°rea e estou desenvolvendo um c√≥digo usando l√≥gica Fuzzy, mas estou com alguns problemas. Poderia me adicionar ao seu LinkedIn para podermos conversar? Prometo n√£o tomar muito seu tempo."
134,"Ol√° Jones. Obrigada pela sua amizade no LinkedIn. Sou da √°rea de intelig√™ncia de neg√≥cios no Grupo Albieri e Associados - bra√ßo de BPO da Andersen Global no Brasil. A Albieri de maneira altamente revolucion√°ria acaba de lan√ßar no mercado uma solu√ß√£o com o objetivo de reduzir custos nesse momento t√£o delicado da economia. N√≥s constru√≠mos uma solu√ß√£o, full service que contemplaria 100% das necessidades da Dinosaur Answer, DA, como fiscal, cont√°bil, financeiro, compras e RH, por um valor a partir R$ 1.200 mensais. Gostaria de saber se podemos agendar uma reuni√£o contigo e com nossa √°rea de neg√≥cios para lhe apresentar uma proposta. Voc√™ tem 15 minutos para falarmos a respeito essa semana? Caso prefira j√° receber uma proposta antes da reuni√£o, nos avise para que j√° enviemos e tenhamos uma conversa apenas para esclarecimento de d√∫vidas. Abs. Andria Goulart"
135,"Ol√° Jones. Quero apresentar como a Dinosaur Answer, DA pode ter os mesmos servi√ßos cont√°beis, administrativos e financeiros das maiores empresas do mundo a partir de R$ 1.200/m√™s. Podemos falar essa semana? "
136,"Tranquilo Jones! Valeu pela aten√ß√£o. ¬† Seus cursos eu peguei com o @Romerito Morais e eu quero muito fazer que relacione a texto. Como a faculdade n√£o √© com o que eu trabalho, fico sem tempo ou preciso me organizar melhor. O pouco que eu vi os cursos s√£o muito bons! Obrigado! ¬† Stopa."
137,Ol√° Rog√©rio! Sobre esse assunto infelizmente n√£o :(
138,"Fala Mestre!  Por favor, tu tem algum curso seu que use Python, reconhecimento de voz fazendo transcri√ß√£o para texto? Ou algum artigo na Medium, etc?  Agrade√ßo desde j√°.  Sucesso.  Stopa"
139,"Valeu, Jones"
140,Ser√° postado nas redes sociais na semana que vem
141,Obrigado Jones. Como posso ser informado?
142,üëç
143,Ter√° uma da assinatura na semana que vem
144,Que pena. Obrigado Jones.
145,Ol√° Pedro! Teve na semana passada :(
146,"Boa tarde professor Jones, tudo bem? Consulta, teremos promo√ß√µes nos cursos pela Black Friday? Obrigado. "
147,Muito obrigado!
148,"Ol√° Pedro! Para iniciar, recomendo este curso:¬† https://www.udemy.com/course/machine-learning-e-data-science-com-python-y/?referralCode=A10B4748EC9B0BC74307"
149,"Boa noite Professor, tudo bem? Estou entrando em contato para pedir um direcionamento se poss√≠vel. Fiz um curso na Udemy de Python e gostaria de entrar nesse mundo de Data Science. Vi varios cursos na Udemy e me chamou aten√ß√£o a quantidade de cursos que voce possui :) Me indicaria algum curso para entrada? Voce acha possivel com tal curso atingir um nivel de analista Jr de Data Science? Muito obrigado!"
150,Muito obrigado 
151,Aeeeeee
152,"Ol√° Wendell! Tem sim, na p√°gina da assinatura tem link para gera√ß√£o do boleto. Segue abaixo https://iaexpert.academy/formulario-boleto/"
153,"Bom dia Jones!, existe a possibilidade de fechar o plano anual por transferencia ou boleto bancario?"
154,"Tem que esperar dar os 5 dias de teste, a√≠ ele vai tentar debitar"
155,"Vamos ver se n√£o estorna, tenho que ca√ßar de quem √© haha"
156,Tou com medo de ser o cart√£o de um familiar kkkk
157,Caiu pra voc√™ o pagamento? 
158,Pelo menos eu acho. 
159,√â um cart√£o antigo 
160,Depois v√£o tentar debitar do cart√£o 
161,Eles disseram que liberaram por 5 dias gratuitos 
162,Na verdade n√£o. 
163,Opa! Paypal deixa somente com cart√£o de cr√©dito. Mas vi aqui que j√° conseguiu. Deu tudo certo?
164,PayPal n√£o est√° me dando essa possibilidade 
166,Ou boleto ? 
167,Consigo fazer por transfer√™ncia ? 
168,Desculpe estar enviando mensagem...  
169,Boa noite mestre! 
170,muito obrigado!
171,"Cara nunca tinha me atentado a isso! que tu tem uma assinatura, vou assinar com certeza!"
172,Tem tamb√©m no www.iaexpert.com.br os cursos :)
173,Logo vou adquirir todo seu acervo la!
174,Ol√° Wendell! Valeu!! :)
175,Quando digo compartilhei foi o Link do perfil da Udemy rsrs 
176,"Boa noite Jones, obrigado por aceitar meu convite aqui na rede, sou p√≥s graduando em Data Science e tenho alguns cursos teus na Udemy.  J√° compartilhei com a turma toda, at√© os professores ficaram admirados de termos um cara do teu n√≠vel acad√™mico aqui dentro do BR.  Bom final de semana ! "
177,"Valeu Alexsander, fico feliz em ter ajudado :)"
178,"Ol√°, Jones. Quero agradecer todos os seus cursos que est√° criando, estou estudando na faculdade, e estou no foco de fazer o meu TG com reconhecimento facial e rede neural. Fiquei muito feliz pelo conhecimento que adquiri. Muito obrigado"
179,"J√° solicitei os b√¥nus, obrigado pela iniciativa professor ! "
180,"Valeu, Jones"
181,Isso mesmo! Sen√£o pega o pre√ßo da plataforma
182,"Agora entendo, s√≥ vai para esse valor quando aplica o cupom n√£o √© "
183,"Ol√° Boa noite, seus cursos na Udemy n√£o est√£o custando 22,90 e sim 24,90"
184,Obrigado
185,"Legal, espero que goste dos cursos :)"
186,Conheci hoje seus cursos. Recebi pelo grupo de Whatsapp Ciencia de Dados - IDV3
187,"Ol√° Paulo! Na verdade eu n√£o trabalho com consultoria na √°rea, meu foco √© somente em cursos :)"
188,Quem sabe no futuro tenhamos alguma parceria neste sentido
189,"Sempre penso nesta possibilidade, mas fico na d√∫vida sobre os reais resultados rsrs"
190,T√° gostando? D√° retorno?
191,"Jones, como est√° sendo a experi√™ncia com uma consultoria de AI?"
192,Legal que est√° gostando! Qualquer coisa √© s√≥ avisar¬†üòÄ
193,"Queria um focado em Machine Learning com Python. Vou aproveitar um pouco mais o que eu comprei na Udemy.  Cara, os cursos de voc√™s s√£o muito bons mesmo. Principalmente, porque voc√™s transmitem o conhecimento com mais facilidade na did√°tica. Vamos conversando!¬†üòÄ"
194,"Ol√° Paulo! Que bom que gostou do curso :) Temos alguns cursos mais avan√ßados de Deep Learning, PLN e desafios Kaggle (depende da √°rea que pretende trabalhar)"
195,"Jones, tudo bem? Obrigado por me adicionar! Estou pegando algumas dicas no seu curso de ML da Udemy. Muito top o curso! Parab√©ns!! Voc√™s possuem algum curso para profissionais mais avan√ßados na √°rea de ML?"
196,"Boa tarde Sr (a). Jones, tudo bem?  Me chamo Patricia Santina e sou executivo de vendas na Dasel Corretora de Seguros. Somos especializados em Seguro Sa√∫de, e temos conseguido ajudar empres√°rios na redu√ß√£o desse custo, sem perder a qualidade ofertada, ou ainda empres√°rios que n√£o ofereciam esse produto.  Mostramos as possibilidades acess√≠veis que ajudam a aumentar a lucratividade e ambiente de suas empresas.  Queria entender se voc√™ possui ou a sua empresa IA EXPERT, IAE oferece esse benef√≠cio para seus colaboradores ou sua fam√≠lia, se sim, a quanto tempo?  Na maioria dos casos com 1 a 2 anos de plano, conseguimos efetuar uma boa redu√ß√£o deste investimento.  Estamos juntos de nossos clientes em toda vig√™ncia do plano e tenho certeza que conseguimos te ajudar a cuidar da sa√∫de sem pesar no or√ßamento.  Segue em anexo uma breve apresenta√ß√£o da nossa empresa e espero que consiga analisar!  Desde j√° agrade√ßo a aten√ß√£o e deixo abaixo meus outros Contatos.  Atenciosamente Patricia Santina (21) 99844-2374"
197,Que pena. Obrigado mesmo assim.
198,üëç
199,"Ol√° Leonam! No curso √© mostrado somente em textos, e por hora n√£o tenho material sobre voz :("
200,"Boa tarde, tudo bem?  Vi o seu curso na Udemy, NLP com Deep Learning, e achei muito interessante. Estou num projeto que envolve video subtitling. No curso √© ensinado como criar um  tradutor, mas n√£o tem um projeto para reconhecimento de voz. Voc√™ recomenda algum outro curso ou material para isso?"
201,Obrigado! Agrade√ßo a disponibilidade. At√© mais... :)
202,"Ol√° Felipe! J√° aceitei o convite, qualquer coisa √© s√≥ avisar :)"
203,"Ol√°, Jones. Sou aluno de alguns de seus cursos na Udemy h√° algum tempo. Recentemente, muito gra√ßas aos seus cursos (entre outros instrutores), tenho me interessado bastante por Ci√™ncia de Dados, Machine Learning e assuntos correlatos. Achei que poder√≠amos nos conectar por aqui tamb√©m. Obrigado."
204,valeu
205,üëç
206,J√° vi l√° e logo respondo :)
207,"Fala Jones, boa tarde enviei o e-mail üòâ"
208,Ol√° Bruno! Manda mais detalhes para jones@iaexpert.com.br :)
209,"Fala Jones, vi a publica√ß√£o sua ""Gatos e Cachorros com PyTorch e Redes Neurais Convolucionais"", sou CEO da AjudaPet Startup que busca o fim do sofrimento animal, gostaria de saber se teria interessem em ajudar a gnt em algumas funcionalidades. Abra√ß√£o"
210,"Valeu, Jones"
211,Ol√° Gustavo! D√™ uma olhada nas trilhas que foram adicionadas no www.iaexpert.academy :)
212,"Sou seu aluno da Udemy, desejo seguir a carreira de engenheiro de aprendizado de m√°quina"
213,Ol√° Jose! Consegue enviar detalhes para o email jones@iaexpert.com.br?
214,Ola Jones. Recem ingressei no pos-doutorado de InteligenciaArtificial da UFRJ com prof Medronho (IESC) e prof Alexandre Evsukoff (COPPE). Queria bater um papo para ver se faz sentido alguma parceria. Meu whatsapp √© (11) 985082920. Abraco
215,as vezes ele demora pra responder
216,Ele n√£o respondeu o e-mail?
217,Mestre bom dia tudo bem n√£o conseguimos contato efetivo tem algum telefone dele ?
218,Perfeito muito obrigado mesmo 
219,Segue:¬†gabriel_av07@hotmail.com Qualquer coisa avise
220,Mestre se tive o contato pra falarmos fora de l√° pois quer√≠amos contratar a consultoria dele 
221,Vamos tentar por l√° 
222,Tentou mandar direto l√° pela Udemy?
223,Mestre por favor tem o contato dele pra me passar 
224,"Ol√° Jo√£o! Atualmente n√£o consigo ajudar, mas sugiro enviar uma mensagem para o Gabriel Alvez que √© co-autor dos cursos"
225,"Ol√° Jones Granatyr, boa tarde.  Estamos fazendo um projeto de reconhecimento visual, utilizando os conhecimentos que adquirimos nos seus cursos da Udemy.  Entretanto, encontramos dificuldades em aumentar a acur√°cia do nosso classificador custom.  Nossa √∫ltima vers√£o ficou boa, mas ainda gera muitos falsos positivos.  Um dos maiores desafios √© a alta similaridade entre os objetos que pretendemos classificar.  Em muitos experimentos, recebemos a famosa mensagem de erro de insuficient count of samples:  OpenCV Error: Bad argument (Can not get new positive sample. The most possible reason is insufficient count of samples in given vec-file.  Em todo caso acreditamos que algu√©m com mais experi√™ncia no assunto consiga nos orientar quanto aos pr√≥ximos passos necess√°rios para aumentar a acur√°cia.  Gostar√≠amos de saber se voc√™ trabalha ou indica algu√©m que possa nos dar uma consultoria no assunto.  Desde agradecemos a aten√ß√£o."
226,Agrade√ßo muito pela ajuda¬†üòâ
227,"Entrei em 2016 sim, mas acho que lecionava pras turmas posteriores."
228,"Ol√° Gilberto! Eu sa√≠ da Unisep na metade de 2017. Voc√™ entrou na turma de 2016 n√©? Sobre a vaga, em breve eu vou abrir no site uma se√ß√£o espec√≠fica para postar vagas de emprego, que tem algumas empresas que sempre entram em contato pedindo indica√ß√µes. Na pr√≥xima vez, vou passar seu contato :)"
229,"Ol√° Jones, espero que esteja bem. N√£o cheguei a ter aula contigo na UNISEP porque se nao me engano, no ano que entrei voce saiu. Me formei ano passado em Sistemas de Informa√ß√£o e agora fa√ßo p√≥s em IA. Estou procurando uma vaga nessa √°rea e achei que pudesse me ajudar. N√£o tenho experi√™ncia profissional, mas pego o jeito r√°pido. Obrigado desde j√°!"
230,"Ol√° Danielle! Legal que est√° iniciando os cursos :) Pode ficar a vontade para enviar mensagem caso tenha alguma d√∫vida Essa semana vamos postar as ""trilhas"" no site, a√≠ vai ficar bem f√°cil pra escolher a ordem dos cursos"
231,"Ol√° Jones, boa noite! Conheci o site  da IAexpert Academy recentemente e estou ansiosa para fazer os cursos, recebi boas refer√™ncias. Se n√£o se importar estou te enviando este convite para receber seus feeds, que certamente contem assuntos de meu interesse, estou iniciando em DS.  At√© mais!!"
232,:)
233,"Valeu, Reginaldo"
234,"Ol√° Professor, muito obrigado por aceitar o convite de contato!üëç"
235,"Ol√° Alexandre! Valeu pela sugest√£o! Vou colocar aqui na lista de conte√∫dos, realmente √© um t√≥pico muito bom"
236,"Ola Jones, boa noite. Eu trabalho no setor banc√°rio e vejo que e muito dif√≠cil encontrar pesquisas sobre intelig√™ncia artificial neste setor. Voce pode ajudar montando um curso para aplica√ß√µes de IA para banking?"
237,Opa! Respondi l√° no coment√°rio :)
238,"Jones, tem alguma vantagem assinar o seu site ou comprar na udemy? Eu preferi a udemy porque √© vital√≠cio."
239,"Oi Jones, bem vindo"
240,Brigad√£o
241,Que bom que gostou Pablo! Qualquer coisa avise :)
242,"Opa Jones blz ? Comprei seu curso muito bom, prazer em conhec√™-lo "
243,Sem problemas Jones :-)  Agrade√ßo pela aten√ß√£o.
244,Ol√° Gean! Infelizmente por hora n√£o trabalho com consultoria :( Mas se precisarem de alguma dica bem espec√≠fica...
245,"Jones, bom dia, tudo bem?  Gostaria de saber se voc√™ tem disponibilidade para conversarmos um pouco sobre uma poss√≠vel consultoria para uma necessidade da empresa que trabalho.  Estamos pensando em desenvolver uma aplica√ß√£o que monte recomenda√ß√µes personalizadas de produtos, para os nossos clientes, baseados em Machine Learning.  Voc√™ tem interesse/consegue nos apoiar?"
246,"Prezado. Cumprimentos cordiais. Gostaria de saber se existe algum interesse em sua pessoa sobre as minhas ideias e ideais, que s√£o: 1) Plano de Sa√∫de PET. 2) Irriga√ß√£o do Nordeste com √°gua salina para cria√ß√£o de pescado. 3) ""Uber de psicologia"". 4) ""Uber de advocacia"". 5) F√°brica de gafanhotos para digest√£o do lixo org√¢nico, afim de fornecer alimento para escorpi√£o. At.te PensadorOusado. Obs: Seu feedback ir√° contribuir em muito. Obs 2: N√£o pretendo monetizar com os canais. (Proposta apenas)."
247,"Ol√° Lauro,  Que bom que o material est√° ajudando :)  J√° marquei aqui um curso sobre matem√°tica, provavelmente para o ano que vem¬†  Jones"
248,"Ol√° Jones, tudo bem ? Cara eu fiz alguns cursos seus e assim foi meu primeiro passo para o mundo de Data Science, primeiro gostaria de agradecer pelo trabalho incr√≠vel que de fato mudou minha vida e minha carreira.  Outra coisa que queria falar √© que gostaria muito de sugerir que voc√™ fizesse um curso mais avan√ßado para matem√°tica aplicada em IA, acho que seria muito interessante e importante atuar nessa parte, onde vi muitos poucos cursos .  Obrigado desde j√°!!"
249,Obrigado Jones ¬† Pela partilha do grupo. ¬† Qualquer assunto disp√µe. ¬† At√© breve ¬† Um abra√ßo
250,Valeu Cleber :)
251,Comecei o seu curso h√° alguns dias. Parab√©ns pelo conte√∫do! 
252,"Livro deep learning com python. Eu vou me inscrever no seu curso, eu s√≥ estou me organizando aqui com o in√≠cios das atividades do mestrado rs."
253,Sobre qual assunto espec√≠fico?
254,Obrigado Jones. Tem algum livro que voc√™ recomenda?
255,Legal Antonio! Qualquer coisa √© s√≥ avisar :)
256,"Bom dia, Jonas.  Sim recebi, inclusive passei para o link dos cursos para o meu coordenador do mestrado. Acredito que eu estarei fazendo a matr√≠cula para fazer os cursos. Tenho interesse em fazer uma disserta√ß√£o utilizando o deep learning com python."
257,Ol√° Antonio! J√° recebeu a resposta pelo fale conosco?
258,Muito obrigado por me aceitar na sua rede de contatos.
259,"Bom dia, Jones.¬†  Fiquei interessado nos seus cursos, ontem √† noite eu mandei uma pergunta l√° no Fale Conosco. Assim que eu tiver um retorno eu analiso se inicio o meu estudo agora. Forte Abra√ßo."
260,Legal!! Espero que goste :)
261,"acho que vou comprar o teu curso de redes neurais, t√° me ajudando bastante as suas dicas pro mestrado :=]"
262,Blza valeu
263,Ol√° Danilo! Sobre esse assunto n√£o tenho :(
264,"boa noite, vc tem algum material sobre l√≥gica fuzzy? especificadamente Wang Mendel?"
265,:=]
266,Ol√° Danilo! Que bom que o material foi √∫til :)
267,"ol√° Professor, sou aluno do mestrado da UTFPR e utilizei o seu curso de algoritmos gen√©ticos para resolver o problema da mochila. valeu"
268,Mas ok
269,Mas eu precisava aproveitar o final de semana 
270,OK
271,"Ol√° Geraldo,  Poste a d√∫vida l√° no f√≥rum do curso na Udemy, que por l√° √© mais f√°cil pra responder :)  Jones"
272,"Jones, bom dia.  Obrigado por me aceitar em sua rede.  Cheguei at√© o seu contato porque achei seu curso de Tensorflow  na Udemy  No entanto estou em d√∫vida entre Tensorflow e Dialogflow.  Eu preciso criar um Chatbot para o Tesouro Nacional, √±a inverdade um MVP, e tenho pouco tempo.  Logicamente vc indica o Tensorflow  mas vc poderia me justificar o seu uso.  Obrigado....  PS. Caso queira participar, estamos num grupo concorrendo a um pr√™mio que n√£o √© interessante em termos financeiros mas pode ser a porta de entrada para uma GovTech"
273,"Ol√° Lucas,  Manda uma mensagem para o Dalton Vargas, que √© co-autor do curso :)  Jones"
274,"Bom dia professor tudo bem?  Comprei um curso seu na udemy sobre rastreamento de objetos, pois estou trabalhando em um projeto pro ramo varejista que envolveria essa tecnologia...  S√≥ que meus meros conhecimentos iniciantes n√£o v√£o conseguir resolver o problema hahaha.  Gostaria de saber se vc da algum tipo de consultoria, e como funcion√°ria caso d√™ consultoria.  Att."
275,Ol√° Aline! Que bom que est√° gostando das aulas :)
276,Ol√° Jones Iniciei essa semana o curso da Udemy Machine Learning e Data Science com R. Estou gostando muito das aulas e did√°tica.  Abra√ßo Aline
277,Que tal Content Syndication ‚Äì conte√∫do distribu√≠do - no maior portal brasileiro de identifica√ß√£o digital? Fale conosco! contato@cryptoid.com.br | +55 11 3881 0019.  Surpreenda-se com nosso p√∫blico. https://drive.google.com/file/d/1Jw2FAY6h9LoyQpNXcTgFp2GBu53VwXM3/view
278,"N√£o consigo opinar, que n√£o chegou a ver o material deles..."
279,Eu pensei no Data Science Academy... O que acha?
280,"Ol√° Roberto! Pior que n√£o sei de nenhuma indica√ß√£o. Mas caso queira me passar alguns links de alguns cursos, pode sugerir algo :)"
281,"Ol√° Jones, fui um de seus alunos da Udemy e fiz outros totalizando mais de 60 horas de Ci√™ncia de Dados e ML. Agora, gostaria de fazer uma especializa√ß√£o mais completa em alguma universidade online, ap√≥s a qual eu pudesse me lan√ßar em alguma vaga real do mercado. Poderia indicar algo?"
282,"S√≥ detalhar o que precisa, a√≠ mande para jones@iaexpert.com.br"
283,Legal! Voc√™ quer que eu detalhe mais ou reformate para a newsletter?
284,"Ol√° Olavo! N√£o lembro de ningu√©m no momento, mas o que consigo fazer √© repassar junto na newsletter do IA Expert"
285,"Bom dia, Jones. Tudo bem? Eu comecei a estudar alguns modelos preditivos (SVM) usando neuro imagens no PRoNTo (extens√£o do SPM no MATLAB) e estou encontrando algumas dificuldades na parte de constru√ß√£o das matrizes de input dos dados. Voc√™ tem alguma pessoa na sua rede de contatos que faz estudos semelhantes para me conectar?"
286,Ta ok!
287,"A ideia √© legal! Manda um e-mail para jones@iaexpert.com.br, que por l√° fica mais f√°cil lhe passar os dados"
288,"Estava pensando em fazer, alguns artigos para classifica√ß√£o de vegeta√ß√£o, mas n√£o s√£o usando programa√ß√£o por horas, irei usar plugins do Qgis j√° implementados, mas vou comentar a documenta√ß√£o e tudo mais"
289,Opa! S√≥ me passar a proposta do artigo
290,"Tirar uma d√∫vida hehe, voc√™ tinha me falado uma vez no insta que a gente aluno poderia postar artigos no IA Expert, como faz para fazer isso?"
291,"Opa, boa noite!"
292,Boa tarde grande Jones!
293,"Onrigada, Jones!"
294,"Ol√° Mariane, N√£o trabalho com esse tipo de consultoria. Mas se precisar de algo espec√≠fico mande para o e-mail jones@iaexpert.com.br Jones"
295,"Boa tarde Jones, tudo bem? Estou fazendo seru curso no Udemy e estou gostando bastante. Estou trabalhando com machine learning no meu mestrado, mas eu sou da √°reas das agr√°rias, ent√£o n√£o tenho tanta familiaridade assim com o tema, ainda. Gostaria de saber se voc√™ d√° algum tipo de consultoria particular, gostaria de tirar algumas d√∫vidas com voc√™. Se sim, qual o valor voc√™ cobra por esse tipo de servi√ßo? Muito obrigada desde j√°. Abra√ßos,¬† Mariane"
296,Eu que te agrade√ßo!!!
297,Por nada!
298,üëç
299,Valeu Phillip! :)
300,"Boa noite, Jones! Obrigado por me aceitar na sua rede! Seja bem vindo!!! Espero que tudo esteja bem com voc√™!!! Estou √† disposi√ß√£o no que for poss√≠vel!!! Um abra√ßo!!!"
301,Rafael Gallo removed Jones Granatyr from the conversation.
303,"Ol√° Edyene,  Por hora n√£o tem previs√£o de um curso sobre esse assunto :(  Jones"
304,"Ol√°, estou fazendo alguns cursos que voc√™ leciona na Udemy. Fiz estes dias o ARS e gostei bastante. Pretendo aplicar em breve.  Queria ver com voc√™ a possiblidade de fazer um curso de Monte Carlo Tree Search. Acredito que ele seja o algoritmo que estou precisando no momento.  Preciso muito aplicar em um projeto mas estou apanhando horrores! Se fizer me avisa por favor, preciso urgente!  Att.  Edyene Oliveira"
305,"Aham, n√£o √© um assunto muito conhecido, principalmente as diferen√ßas"
306,eu sou um apaixonado pela econometria!...olha a diferen√ßa entre a econometria e data science¬†https://mru.org/courses/mastering-econometrics/whats-difference-between-econometrics-and-data-science
307,Bem interessante!
308,"Jones, veja que interessante !¬†https://mru.org/courses/mastering-econometrics/are-machine-learning-and-big-data-changing-econometrics"
309,maravilha!  üòÄ
310,"Isso, manda por e-mail sua ideia :)"
311,"Oi Jones! Primeiramente muito obrigado por me responder rapidamente!! Estou bem impressionado com a qualidade de seu trabalho (inclusive comprei um curso seu no Udemy...heheheh)....vou te escrever como uma id√©ia de projeto, algo bem simples e r√°pido de se compreender....como sempre usei os dados nas √°reas de neg√≥cios e sou um apaixonado por econometria, queria difundir seu uso para aqueles que precisam compreender melhor que os princ√≠pios fundamentais da Ci√™ncia da Economia s√£o excelentes de serem conhecidos antes de rodarmos qualquer modelo!!! Forte abra√ßo!"
312,"Estou bem perto de Curitiba, minha esposa estava se mudando para l√° no in√≠cio do ano mas n√£o deu certo por causa do v√≠rus"
313,"Ol√° Rodrigo! Legal! Manda a ideia do curso para o e-mail jones@iaexpert.com.br, que por l√° fica mais f√°cil para conversarmos"
314,"Oi Jones, morei durante adolesc√™ncia em Porto Uni√£o da Vit√≥ria e atualmente resido em Curitiba. Sou economista e sou apaixonado pelo campo da econometria! Tenho trabalhado desde o meu mestrado com muita estat√≠stica e c√°lculo computacional e uso muito o Overleaf onde integro o Knitr com o R....estou pensando em criar um curso no Udemy....queria sua opini√£o j√° que seu sucesso profissional me inspira!"
315,Te mandei l√°! 
316,"Perfeito, n√£o sei como agradecer! Obrigada, Jones!"
317,"Ol√° Luiza! Manda para o e-mail jones@iaexpert.com.br, se for algo bem espec√≠fico posso ajudar :)"
318,"Vi seu material referente ao Shell expert sinta, mas me surgiram algumas d√∫vidas. Ser√° que voc√™ pode me dar um aux√≠lio?"
319,Tudo bem?
320,"Ol√°, Jonas! Bom dia! Obrigada por ter aceito meu convite "
321,"Indiquei a promo√ß√£o para pessoas que n√£o s√£o suas alunas ainda. Pra quem n√£o √© aluno, √© valida promo?"
322,"pensei que o cart√£o ia bloquear, 4x o mesmo valor, de seguidinha... algoritmos n√£o pegaram...hehehe"
323,Blz! :)
324,"Foram l√°, 4 compras. Msgs enviadas. Abs"
325,parabens
326,seu material eh maravilhoso
327,Blz!
328,"eu vi la, mas so pra confirmar"
329,sistema da udemy n√£o aplica o cupom se comprar junto
330,"um de cada vez, conforme a regra"
331,numa passada de cartao
332,posso comprar 4 de uma vez so?
333,"manda tudo por l√°, que estou deixando centralizado"
334,o que prefere? posso comprar 4 de uma vez so?
335,"mandar a lista por msg la, ou pode ser por aqui?"
336,hahaha
337,hehehehe
338,vou fazer uma limpa entao
339,"Isso mesmo, n√£o tem limite...a cada 1 comprado escolhe mais 2"
340,tenho uma lista com 10 de seus cursos aqui que queria ter comprado ja
341,posso comprar 3 e escolher mais 6 ?
342,"sobre sua promocao, √© cumulativa?"
343,"Ol√° Joviano! Sobre a edi√ß√£o depende muito, mas tenho funcion√°rio espec√≠fico para editar os v√≠deos. Estou fazendo um curso com parceiro que a pessoa j√° tem experi√™ncia em grava√ß√£o/edi√ß√£o e est√° fazendo toda essa parte  Sobre a aula on-line ao vivo, n√£o consigo fazer essa modalidade de conte√∫do"
344,"Jones, Tem uma empresa, de amigos, que est√£o em busca de professor de Python, para dar aula via Microsoft Teams (ao vivo), para formar 2 profissionais em Python. Ou seja, indo do zero, aos modelos iniciais de Machine Learning. Eles n√£o abrem m√£o em ser AOVIVO. N√£o sei como √© sua vida, mas, se fosse para eu te indicar, poderia?"
345,"No caso, tanto vc quando o outro professor conseguem editar o curso? Ou s√≥ 1 de vcs?"
346,"Vi q o amigo tem uns cursos na Udemy com mais professores, e que todos os professores aparecem no rol do curso"
347,"Jones, uma pergunta de car√°ter operacional"
348,Verdade hahaha
349,"o pior que essa naba √© viciante, o cara come√ßa a olhar pra tudo e imaginar um algoritmo classificando ou aplicando regress√£o.... pior que drogas..."
350,"ainda n√£o, as ideias est√£o brotando, e necessidades na empresa tbem... espero criar algo legal, por em operacao, e s√≥ lecionar, de algo que eu fiz"
351,Vai lan√ßar algum curso na √°rea de IA?
352,"Como professor estou trabalhando na ementa de 5 cursos. Como aluno, na udemy, estou intercalando 2 seus... A) IA aplic em neg√≥cios (adq hoje); B) deep Learning de AZ (esse dei uma pegada no in√≠cio, parei, e devo retomar assim q terminar uns no Alura)"
353,Fazendo como aluno ou como professor?
354,Legal seus cursos! :) Est√° fazendo qual agora? hehe
355,"Ola Jones,  segue:¬†https://www.udemy.com/user/joviano-silveira/ Hoje esta olhando seus cursos, e fiz mais uma aquisi√ß√£o...hehehehe"
356,Bem legais esses conte√∫dos! Se puder me passar o link dos cursos. Numa dessas fazemos uma parceria ou algo do tipo :)
357,Mas...s√≥ meu 3 m√™s como professor online
358,O q t√° vendendo pra mim eh indica√ß√µes e linkedin
359,"Pensei em por na Hotmart, mas pensei... Hotmart ser√£o s√≥ vendas pelas minhas for√ßas...da√≠ decidi vender por mim, ficar com os 97% da udemy, e deixar eles vender alguns (s√≥ q sem aquelas promo√ß√µes loucas)"
360,"Tenho 3 cursos, Um de powerquery (18horas), outro de views no SQL para usar no Power BI e Excel via powerquery (6horas), e introdu√ß√£o a l√≥gica de programa√ß√£o (2horas-free snack)"
361,"Eu notei que desde ano passado a Udemy est√° mais fraca para vendas, os meus cursos que vendem mais s√£o aqueles com mais alunos (machine learning e deep learning). Os novos cursos vendem muito pouco no org√¢nico :("
362,Fico feliz que esteja divulgando! :) Quais s√£o seus cursos na Udemy?
363,"Show, vou continuar lhe indicando. Sei nome bombando ontem nos grupos de ML que participo"
364,"Tbem t√¥ passando por essa ""brochada"" com udemy"
365,"Na udemy eh massa, mas o come come de recursos eh foda Lah."
366,"Ol√° Joviano! Pior que n√£o tenho, eu parei de divulgar os cursos da Udemy e agora estou focando somente na assinatura direto no site"
367,"tens algum site, com links da udemy que te comissionem nos 97% Tamb√©m sou instrutor, e sei como doi, vender cursos, e eles morder 50% a 75%... Se tiver me passa, que sou seu aluno e divulgador do teu trabalho"
368,"Isso mesmo Joviano! Os cursos s√£o os mesmos, por√©m, ainda faltam adicionar alguns que est√£o na Udemy e n√£o est√£o no site"
369,"professor, os cursos que est√£o no seu site s√£o os mesmos da Udemy? Se eu fizer assinatura la, tenho acesso a seus cursos pelo periodo da assinatura (estilo netflix)?"
370,Que bom que est√° gostando dos cursos :)
371,"Valeu, JOVIANO"
372,"Professor, Parab√©ns pela didatica e organiza√ß√£o em seus cursos. Tem muita gente por a√≠ querendo ensinar, mas vc cativa a gente... parab√©ns."
373,"Ol√° professor, Sou seu aluno na Udemy, Gostaria de fazer parte de sua rede. Desde j√°, agrade√ßo"
374,Hehe sem problema! Obrigado Jones
375,Pior que com esse tema n√£o tenho :(
376,"Desculpe,  digitei errado teu nome Jones"
377,"Obrigado Jobes, mas n√£o precisa,  eu que estou querendo aprender para fazer v√°rias aplica√ß√µes. Se voc√™ tivesse um curso com o tema eu com certeza faria.  Voc√™ tem algum que aborde o tema para me indicar?"
378,"Se precisar de uma ajuda mais espec√≠fica, posso enviar mensagem para minha lista de alunos"
379,Mas a integra√ß√£o que busco √© apenas de software.
380,"Tudo bem,  obrigado Jones! "
381,"Ol√° Luiz! N√£o trabalho muito na √°rea de automa√ß√£o, mas sei que a linguagem tem v√°rias integra√ß√µes com hardwares"
382,"Boa noite Jones, como vai? Gostaria de saber se apenas com python consigo fazer automa√ß√µes em softwares de engenharia mec√¢nica como solidworks,  autocad,  CREO... ?"
383,Obrigado Ana Paula :)
384,Claro! Estamos √† dispon√≠vel! √â legal ter uma outra opini√£o sim. Fique √† vontade!
385,"Nossa, ontem mesmo fechei com uma advogada pra fazer todos os documentos! Mas seria legal ter uma outra opini√£o tamb√©m  Assim que eu postar os termos no site, eu entro em contato e podemos fazer um consultoria para voc√™s analisarem :)"
386,"Precisa de aux√≠lio na quest√£o de adequa√ß√£o √† LGPD? Eu e minha colega Michele podemos auxiliar. Fomos alunas na especializa√ß√£o do Marcel Leonardi que √© um advogado expoente nesse assunto, inclusive auxiliou na reda√ß√£o da lei. Me manda uma mensagem se precisar: 11920018526  Abra√ßo!"
387,No convite para sermos amigos no LinkedIn
388,Ol√° Ana Paula! Aqui n√£o chegou nada
389,"Fiquei na d√∫vida se a minha anota√ß√£o foi junto com o convite, vc me avisa?"
390,Manda uma descri√ß√£o exatamente do profissional que est√° procurando. Envie para jones@iaexpert.com.br
391,"Claro, pode ser sim. Te agrade√ßo desde j√°. Abra√ßo "
392,"Ol√° Daniel! Infelizmente n√£o consigo ajudar muito, que n√£o estou trabalhando com consultoria. Mas se quiser eu posso enviar para minha lista de alunos, o que acha?"
393,"Oi Jones, tudo bem? √â isso mesmo, uma assessoria. A id√©ia da plataforma √© coletar dados da prescri√ß√£o m√©dica, par√¢metros do pr√≥prio paciente e fazer um track record do paciente ao longo do tratamento. Com a massa de dados a plataforma vai aprendendo e recomendando dosagens e medica√ß√µes de acordo com o diagn√≥stico e caracter√≠sticas dos pr√≥ximos pacientes. Para algumas medica√ß√µes isso faz bastante sentido..  Quero ter clareza do que seria um projeto desse, tecnologias, tempo para executar...Seria bom marcarmos um call para te explicar melhor e entendermos como pode me ajudar.  Abra√ßo"
394,"Ol√° Daniel! A ideia √© tipo uma consultoria nessa √°rea? Que se for eu posso dar algumas dicas, mas n√£o trabalho com o desenvolvimento em sim. Se quiser passar mais detalhes que posso ver como ajudar :)"
395,"Oi Jones, tudo bem?  Te encontrei pesquisando IA na rede. Estou estudando um projeto de¬†suporte a decis√£o para m√©dicos em uma √°rea da sa√∫de. Gostaria de trocar uma id√©ia e entender como voc√™ pode ajudar.  Se tiver interesse me manda um whatts que marcamos um call.¬† 48 99624-6113  Abra√ßo Daniel"
396,Bem interessante! Vou analisar melhor :) Obrigado!
397,"Obrigado por me aceitar!  A ContaJ√Å √© um escrit√≥rio de Contabilidade completo, prestamos os mesmos servi√ßo de um escrit√≥rio tradicional a diferen√ßa √© que fazemos tudo apoiado em tecnologia de ponta e de maneira 100% online. Aliado isso nossos clientes contam com um super atendimento!  Dessa forma podemos proporcionar muito mais economia, simplicidade e produtividade no seu dia a dia!  Atendemos em todo Brasil, atualmente estamos presentes em mais de 70 munic√≠pios brasileiros, com centenas de clientes satisfeitos, porem, a expectativa √© que esse n√∫mero aumente progressivamente.  Na ContaJ√Å voc√™ tem as seguintes vantagens:  - Economiza at√© 90% com honor√°rios cont√°beis a partir de R$ 99,90.  - Acessa todas as informa√ß√µes da sua empresa atrav√©s de uma moderna plataforma online, pelo celular ou pc.  - √â atendido por contadores exclusivos pelo Whatsapp em todo hor√°rio comercial.  Estou encaminhando abaixo a nossa postagem feita aqui no LinkedIn com um pequeno v√≠deo apresentando nosso escrit√≥rio de Contabilidade Online:  https://www.linkedin.com/posts/contaja_contaj%C3%A1-contabilidade-online-ugcPost-6602713462500061184-xyop  Se a nossa proposta lhe interessar, pode me chamar aqui que ser√° um prazer preparar um or√ßamento pra voc√™ e tamb√©m lhe explicar tudo em detalhes sobre nosso escrit√≥rio digital!  Tenha uma √≥tima semana!üòÄ"
398,Ol√° Alan!
399,"Ol√° Jones, tudo bem? Somos um escrit√≥rio de contabilidade digital. Prestamos o mesmo servi√ßo de um escrit√≥rio tradicional por√©m online, com foco total no cliente, nossas mensalidades s√£o a partir de R$ 99,90. Tenho uma proposta, poderia me aceitar por favor? www.contaja.com.br"
400,Legal que os cursos est√£o ajudando :)
401,"Valeu por aceitar professor. Tenho muitos dos seus cursos na udemy, me salvam muitas vezes durante o dia a dia. Abra√ßos"
402,üôè
403,"Ol√° Jos√© Carlos! Valeu pelo convite, j√° adicionei :)"
404,"Ol√° Jones ! Como vai? Tudo bem!? Aqui vai o meu convite de conex√£o. Ser√° um prazer estar com voc√™ no LinkedIn. Que isso gere bons frutos profissionais a todos n√≥s. Sucesso, boa Sorte e bons Neg√≥cios - Sempre! Abra√ßos, Couto 'boas coisas est√£o acontecendo...'"
405,"queria saber, como poderia sair dessa situa√ß√£o, ou pelo menos um sinal de como aplicar ou como procurar trabalho"
406,"estou cercado pela procura de empregos na √°rea de web, e n√£o √© um area que tenho afinidade"
407,"professor, sou Isaac e tenho assistido v√°rios cursos e videos do seu site/ curso Udemy, e realmente quero me destacar na √°rea de IA. Mas estou em uma cidade onde n√£o existe muitas aplica√ß√µes e trabalhos na √°rea"
408,Boa noite
409,Hi Sean! I hope you like the course :)
410,"Afternoon Jones,  Just taking your new course Neural Networks. I was hoping to add you to my most awesome network!!  Cheers, Sean"
411,J√° confirmei :)
412,"Valeu, Edrian Augusto"
413,"Ola Jones, adquiri alguns de seus cursos e gostaria de acompanha-lo nessa rede social. Abs"
414,Parab√©ns pelo seu anivers√°rio de empresa!
415,:)
416,Glad to connect with you.  I have strong passion on predictive analytics and technology.
417,Valeu Douglas! :)
418,"Prezado Jones. Muito obrigado por me aceitar. Conheci voc√™ pelo Udemy, confesso que estou de olho no seu curso ML e Data Science com R de A √° Z , somente pelas aulas pr√©vias consegui notar sua did√°tica, que por ventura, √© excelente. Pode ter certeza que vai ganhar mais um aluno haha Abra√ßos e sucessos."
419,"Valeu, Willian"
420,"Boa tarde professor, enviei o convite porque gostaria de fazer parte da sua rede profissional de contatos, tenho feito seus cursos de IA e tem me ajudado muito e agregado valor √† minha carreira. Forte abra√ßo e sucesso!"
421,"Ol√° Francisnei! Sugiro enviar a mensagem para o prof. Fernando Amaral, ele que √© o ""dono"" do curso e pode indicar melhor :)"
422,"Ol√° Jones,  Sou aluno do seu curso de Cientista de Dados Python e R, finalizei a aprt de python, R e etc.., agora estou fazendo as porte de SQL E MONGODB, gostaria de saber se pra efetuar a prova final, sem estes m√≥dulos conclu√≠dos, se j√° re√∫no condi√ß√µes para a prova? E caso n√£o atinja o m√≠nimo necess√°rio, quantas vezes eu poderei refazer o teste?  "
423,"Ol√° Francisnei! Que bom que est√° gostando do curso :) Tenho esse curso abaixo sobre o PyTorch, n√£o √© espec√≠fico sobre vis√£o computacional mas tem m√≥dulos sobre esse assunto  https://www.udemy.com/course/formacao-deep-learning-pytorch-python/?referralCode=EE79208B35A7ED11AFA4"
424,"Ol√° Jones, Estou fazendo seu curso de Cientista de Dados R e Python da Udemy, o qual estou gostando muito, por√©m gostaria de saber se voc√™ possui algum curso sobre vis√£o computacional utilizando Python e Pytorch? Tenho forma√ß√£o em Sistemas Embarcados e gostaria de utilizar estas ferramentas em hardware com sistema operacional linux."
425,Ol√° Leonardo! Que bom que est√° gostando dos cursos :) Consegue enviar essa d√∫vida para o e-mail jones@iaexpert.com.br? Que por l√° √© mais f√°cil para responder :)
426,"Ol√° Jones, como vai?? Agrade√ßo por aceitar o meu convite e fazer parte da minha rede. Tenho estudado deep learning ultimamente, adquiri alguns cursos seus na Udemy, parab√©ns pela √≥tima did√°tica!! Queria ler sua opini√£o sobre um tema, √© sobre os modelos de machine learning mais tradicionais versus o deep learning, durante o curso vc comenta que a maioria dos problemas atualmente, s√£o problemas n√£o linearmente separ√°veis, eu concordo com isso, minha d√∫vida: Por que ainda usamos os modelos tradicionais de machine learning? Pensando, eu acho que todo problema atualmente podem ser atacados com redes neurais e redes neurais profundas, faz sentido?"
427,Ol√° Gabriel! J√° adicionei :) Que bom que est√° gostando das aulas
428,"Ol√°, Professor Jones. Tudo bom? Estou fazendo seu curso na Udemy (Machine Learning e Data Science com Python) e estou adorando, levando em contato que j√° fiz cursos sobre o tema anteriormente. Sua explica√ß√£o √© clara e as aulas v√£o direto ao ponto. Gostaria de fazer parte da sua rede contatos.  Abs. "
429,Daria pra ver algo. Qual sua ideia?
430,Exatamente.
431,Voc√™ pensou em algo relacionado aos meus cursos que j√° tenho?
432,"Desenvolve¬† um projeto voltado para Transforma√ß√£o Digital nas Pequenas e medias empresas.¬† Ele est√° estruturado¬† a partir de um modelo com 4 blocos (estrutura organizacional,pessoas, tecnologia e opera√ß√µes). Como voc√™ atua na parte de treinamento, q se encaixa justamente no bloco pessoas, pod√≠amos pensar em tratativas especificas para atender o processo de TD nas organiza√ß√µes."
433,"Atualmente estou no Brasil, aguardo meu visto para Portugal (com a pandemia deve levar mais tempo). Consegue adiantar algo por aqui mesmo?"
434,Vc est√° em portugal? Tenho algo que pode ser interessante pra n√≥s. Diga uma hor√°rio q podemos conversar¬† na sexta feira
435,"Por aqui est√° tudo certo, moro em cidade pequena e est√° bem tranquilo! E a√≠?"
436,"Ol√°!! Tudo bem com vc, como anda as coisas por ai?"
437,Ol√° Oberdan!
438,Ol√°!! Tudo bem?
439,"Ol√° Max! J√° respondo seu e-mail, a√≠ continuamos por l√° :)"
440,"Oi Jones, tudo bem?  Eu trabalho em uma empresa com foco em CX chamada UOTZ. N√≥s estamos abrindo uma spin off na √°rea de intelig√™ncia artifical voltado para marketing/m√≠dia/branding.  Acho que voc√™ poderia ser um colaborador em rede conosco.  Podemos conversar?"
441,"Ol√° Jones, bom dia!  Sou aluno de um curso de doutorado em bitecnologia e estou tentando comprar seus cursos¬†Machine Learning e Data Science com R de A √† Z e¬†Machine Learning e Data Science com Python de A a Z na Udemy, adicionei os cursos na sacola, mas na hora de concluir a compra, com cart√£o de cr√©dito ou d√©bito, boleto e paypal, todos d√£o erro.   H√° alguma outra forma de adquir√≠-los?  Fiz contato com o suporte da Udemy para tentar resolver mas ainda n√£o tive resposta.  Obrigado!"
442,"<p class=""spinmail-quill-editor__spin-break"">Oi, Jones</p><p class=""spinmail-quill-editor__spin-break"">&nbsp;</p><p class=""spinmail-quill-editor__spin-break"">Aqui √© o Jos√© Estan, s√≥cio da idwall, empresa em verifica√ß√£o de identidade.&nbsp;</p><p class=""spinmail-quill-editor__spin-break"">&nbsp;</p><p class=""spinmail-quill-editor__spin-break"">Queria entender como est√° o processo de cadastro de novos clientes na Dinosaur Answer, DA e como avaliam a autenticidade dos documentos enviados?</p><p class=""spinmail-quill-editor__spin-break""><br></p><p class=""spinmail-quill-editor__spin-break"">&nbsp;Atualmente, ajudamos mais de 200 empresas&nbsp;no cadastro de novos clientes e parceiros e na automa√ß√£o de compliance e gest√£o de risco. </p><p class=""spinmail-quill-editor__spin-break""><br></p><p class=""spinmail-quill-editor__spin-break"">A partir do CPF ou CNPJ realizamos todas as consultas exigidas pelo Bacen como Receita Federal, CVM, quadro societ√°rio etc. Tudo isso integrado direto no seu fluxo.</p><p class=""spinmail-quill-editor__spin-break"">&nbsp;</p><p class=""spinmail-quill-editor__spin-break"">A partir da foto de uma CNH ou RG e uma selfie, consigo:</p><p class=""spinmail-quill-editor__spin-break"">(i) extrair todos os dados do usu√°rio;</p><p class=""spinmail-quill-editor__spin-break"">(ii) avaliar a autenticidade do documento;</p><p class=""spinmail-quill-editor__spin-break"">(iii) comparar a biometria facial com prova de vida, garantindo que a pessoa segurando o celular √© a portadora do documento; e ainda</p><p class=""spinmail-quill-editor__spin-break"">(iv) devolver as consultas nos √≥rg√£os p√∫blicos (Mandados de Pris√£o, Antecedentes, CVM, PEP e mais de 200 outras fontes de informa√ß√£o).</p><p class=""spinmail-quill-editor__spin-break"">&nbsp;</p><p class=""spinmail-quill-editor__spin-break"">E tamb√©m temos valida√ß√µes para Pessoa Jur√≠dica: a partir de um CNPJ, trazemos os s√≥cios, situa√ß√£o cadastral, certid√µes de d√≠vidas, entre outras informa√ß√µes.&nbsp;</p><p class=""spinmail-quill-editor__spin-break"">&nbsp;</p><p class=""spinmail-quill-editor__spin-break"">Te ajudamos a garantir um cadastro e valida√ß√£o de risco r√°pidos, seguros e com pouca fric√ß√£o. Ser√° que poder√≠amos marcar um r√°pido liga√ß√£o (10 min)?</p><p class=""spinmail-quill-editor__spin-break"">&nbsp;</p><p class=""spinmail-quill-editor__spin-break"">Basta preencher o formul√°rio que o meu time entrar√° em contato o quanto antes.</p><p class=""spinmail-quill-editor__spin-break"">&nbsp;</p><p class=""spinmail-quill-editor__spin-break"">Grande abra√ßo,</p>"
443,"<p class=""spinmail-quill-editor__spin-break"">Ol√°, Jones</p><p class=""spinmail-quill-editor__spin-break""><br></p><p class=""spinmail-quill-editor__spin-break"">Vimos que voc√™ pode ter interesse em participar do Dell Expert Network: o programa de relacionamento da Dell Technologies, que tem como objetivo apoiar profissionais aut√¥nomos de TI na gera√ß√£o de novos neg√≥cios, oferecendo capacita√ß√£o e acesso a ferramentas de suporte e autogest√£o do parque de TI dos seus clientes.</p><p class=""spinmail-quill-editor__spin-break""><br></p><p class=""spinmail-quill-editor__spin-break"">Conhe√ßa algumas das vantagens desse programa global:</p><p class=""spinmail-quill-editor__spin-break"">‚Ä¢ Atendimento dedicado por meio de gerentes de contas e especialistas t√©cnicos, o que agiliza os processos e torna a negocia√ß√£o com seus clientes muito mais r√°pida e vantajosa;</p><p class=""spinmail-quill-editor__spin-break"">‚Ä¢ Economia e promo√ß√µes exclusivas para seus clientes;</p><p class=""spinmail-quill-editor__spin-break"">‚Ä¢ Acesso ao aplicativo Expert Network. Por meio dele, voc√™ ser√° informado sobre pontua√ß√£o, campanhas, eventos, lan√ßamentos de produtos e muito mais;</p><p class=""spinmail-quill-editor__spin-break"">‚Ä¢ Acesso ao Education Hub, uma plataforma com cursos e certifica√ß√µes gratuitas das solu√ß√µes Dell e dos parceiros;</p><p class=""spinmail-quill-editor__spin-break"">‚Ä¢ Certifica√ß√£o oficial como Dell Expert Network Member (para membros da categoria Elite);</p><p class=""spinmail-quill-editor__spin-break"">‚Ä¢ Pontua√ß√µes e campanhas de incentivo com excelentes recompensas, incluindo produtos Dell.</p><p class=""spinmail-quill-editor__spin-break""><br></p><p class=""spinmail-quill-editor__spin-break"">Se houve interesse, √© muito f√°cil se cadastrar*: basta ligar para o 0800 701 1293 ou preencher o formul√°rio em https://www.dell.com/pt-br/work/shop/dell-expert-network/cp/dell-expert-network</p><p class=""spinmail-quill-editor__spin-break"">Estamos esperando por voc√™!</p><p class=""spinmail-quill-editor__spin-break""><br></p><p class=""spinmail-quill-editor__spin-break"">*Todos os cadastros passam por um processo de an√°lise para identificar se os pr√©-requisitos s√£o atendidos.</p>"
444,"<p class=""spinmail-quill-editor__spin-break"">Ol√°, Jones.</p><p class=""spinmail-quill-editor__spin-break""><br></p><p class=""spinmail-quill-editor__spin-break"">Estes s√£o tempos dif√≠ceis para os neg√≥cios em todo o mundo. E agora, mais do que nunca, o LinkedIn est√° ao seu lado, especialmente se sua prioridade √© contratar.&nbsp;</p><p class=""spinmail-quill-editor__spin-break""><br></p><p class=""spinmail-quill-editor__spin-break""><a rel=""noopener"" href=""https://www.linkedin.com/talent/post-a-job?src=li-in&amp;trk=spinml_mktg_job_lts_ss_LATAM_BR_PT_PropModel_TEXT_FacaComo&amp;utm_source=linkedin&amp;utm_medium=inmail&amp;utm_campaign=LTS_SS_ACQ_SM_MA_LATAM_BR_PT_PropModel_WOW_1192_Website_Conversions_BAU_ACCN&amp;mcid=6707653243238928384"" target=""_blank"">Anunciar uma vaga no LinkedIn</a> pode ajudar voc√™ a:</p><p class=""spinmail-quill-editor__spin-break""><br></p><ul><li><strong>Conseguir candidatos qualificados para quando precisar deles: </strong>O LinkedIn promove sua vaga para que pessoas com perfil adequado se candidatem a ela.</li></ul><p class=""spinmail-quill-editor__spin-break""><br></p><ul><li><strong>Manter o foco na sua necessidade: </strong>Nossos recursos ajudam voc√™ a aproveitar seu tempo com os melhores candidatos.</li></ul><p class=""spinmail-quill-editor__spin-break""><br></p><p class=""spinmail-quill-editor__spin-break"">Atenciosamente,</p><p class=""spinmail-quill-editor__spin-break"">Janice e a Equipe LinkedIn</p>"
445,"<p class=""spinmail-quill-editor__spin-break"">Oi, Jones.</p><p class=""spinmail-quill-editor__spin-break"">&nbsp;</p><p class=""spinmail-quill-editor__spin-break"">Aqui √© o Jos√© Estan, s√≥cio da idwall, empresa em verifica√ß√£o de identidade.&nbsp;</p><p class=""spinmail-quill-editor__spin-break"">&nbsp;</p><p class=""spinmail-quill-editor__spin-break"">Atualmente, ajudamos mais de 200 empresas&nbsp;no cadastro de novos clientes e parceiros e na automa√ß√£o de compliance e gest√£o de risco.</p><p class=""spinmail-quill-editor__spin-break"">&nbsp;</p><p class=""spinmail-quill-editor__spin-break"">&nbsp;A partir do CPF ou CNPJ, realizamos todas as consultas necess√°rias para a avalia√ß√£o de risco,&nbsp;como Receita Federal, PEP, CVM, quadro societ√°rio, certid√£o de d√≠vidas etc. Tudo isso integrado direto no seu fluxo.</p><p class=""spinmail-quill-editor__spin-break"">&nbsp;</p><p class=""spinmail-quill-editor__spin-break"">A partir da foto de uma CNH ou RG e uma selfie, consigo:</p><p class=""spinmail-quill-editor__spin-break"">(i) extrair todos os dados do usu√°rio;</p><p class=""spinmail-quill-editor__spin-break"">(ii) avaliar a autenticidade do documento;</p><p class=""spinmail-quill-editor__spin-break"">(iii) comparar a biometria facial com prova de vida, garantindo que a pessoa segurando o celular √© a portadora do documento; e ainda</p><p class=""spinmail-quill-editor__spin-break"">(iv) devolver as consultas nos √≥rg√£os p√∫blicos (Mandados de Pris√£o, Antecedentes, CVM, PEP e mais de 200 outras fontes de informa√ß√£o).</p><p class=""spinmail-quill-editor__spin-break"">&nbsp;</p><p class=""spinmail-quill-editor__spin-break"">Gostaria de bater um papo com voc√™ sobre como podemos ajudar a Dinosaur Answer, DA a garantir um cadastro e valida√ß√£o de risco r√°pidos, seguros e com pouca fric√ß√£o. Ser√° que poder√≠amos marcar um r√°pido liga√ß√£o (10 min)?</p><p class=""spinmail-quill-editor__spin-break"">&nbsp;</p><p class=""spinmail-quill-editor__spin-break"">Basta preencher o formul√°rio e entraremos em contato o quanto antes.</p><p class=""spinmail-quill-editor__spin-break"">&nbsp;</p><p class=""spinmail-quill-editor__spin-break"">Grande abra√ßo,</p>"
446,"<p class=""spinmail-quill-editor__spin-break"">Oi, Jones</p><p class=""spinmail-quill-editor__spin-break"">&nbsp;</p><p class=""spinmail-quill-editor__spin-break"">Aqui √© o Jos√© Estan, s√≥cio da idwall, empresa em verifica√ß√£o de identidade.&nbsp;</p><p class=""spinmail-quill-editor__spin-break"">&nbsp;</p><p class=""spinmail-quill-editor__spin-break"">Queria entender como est√° o processo de cadastro de novos clientes na Dinosaur Answer, DA e como avaliam a autenticidade dos documentos enviados?</p><p class=""spinmail-quill-editor__spin-break"">&nbsp;</p><p class=""spinmail-quill-editor__spin-break"">Temos ajudado empresas como Cielo e Ebanx a automatizarem seus processos de risco. A partir do CPF ou CNPJ realizamos todas as consultas exigidas pelo Bacen como Receita Federal, CVM, quadro societ√°rio etc. Tudo isso integrado direto no seu fluxo.</p><p class=""spinmail-quill-editor__spin-break"">&nbsp;</p><p class=""spinmail-quill-editor__spin-break"">A partir da foto de uma CNH ou RG e uma selfie, consigo:</p><p class=""spinmail-quill-editor__spin-break"">(i) extrair todos os dados do usu√°rio;</p><p class=""spinmail-quill-editor__spin-break"">(ii) avaliar a autenticidade do documento;</p><p class=""spinmail-quill-editor__spin-break"">(iii) comparar a biometria facial com prova de vida, garantindo que a pessoa segurando o celular √© a portadora do documento; e ainda</p><p class=""spinmail-quill-editor__spin-break"">(iv) devolver as consultas nos √≥rg√£os p√∫blicos (Mandados de Pris√£o, Antecedentes, CVM, PEP e mais de 200 outras fontes de informa√ß√£o).</p><p class=""spinmail-quill-editor__spin-break"">&nbsp;</p><p class=""spinmail-quill-editor__spin-break"">E tamb√©m temos valida√ß√µes para Pessoa Jur√≠dica: a partir de um CNPJ, trazemos os s√≥cios, situa√ß√£o cadastral, certid√µes de d√≠vidas, entre outras informa√ß√µes.&nbsp;</p><p class=""spinmail-quill-editor__spin-break"">&nbsp;</p><p class=""spinmail-quill-editor__spin-break"">Te ajudamos a garantir um cadastro e valida√ß√£o de risco r√°pidos, seguros e com pouca fric√ß√£o. Ser√° que poder√≠amos marcar um r√°pido liga√ß√£o (10 min)?</p><p class=""spinmail-quill-editor__spin-break"">&nbsp;</p><p class=""spinmail-quill-editor__spin-break"">Basta preencher o formul√°rio que o meu time entrar√° em contato o quanto antes.</p><p class=""spinmail-quill-editor__spin-break"">&nbsp;</p><p class=""spinmail-quill-editor__spin-break"">Grande abra√ßo,</p>"
447,"<p class=""spinmail-quill-editor__spin-break"">Ol√°, Jones,</p><p class=""spinmail-quill-editor__spin-break""><br></p><p class=""spinmail-quill-editor__spin-break""><strong>Est√° buscando um novo emprego?</strong></p><p class=""spinmail-quill-editor__spin-break"">Encontre vagas na sua √°rea que requerem suas qualifica√ß√µes.</p><p class=""spinmail-quill-editor__spin-break""><br></p><p class=""spinmail-quill-editor__spin-break"">Para come√ßar:</p><p class=""spinmail-quill-editor__spin-break""><br></p><ol><li>Pesquise vagas.</li><li>Selecione a vaga que voc√™ procura com base na sua localidade, n√≠vel de experi√™ncia, benef√≠cios, e muito mais.</li><li>Crie um alerta de pesquisa para receber uma notifica√ß√£o assim que as vagas que voc√™ busca forem anunciadas.</li></ol><p class=""spinmail-quill-editor__spin-break""><br></p><p class=""spinmail-quill-editor__spin-break"">Comece sua pesquisa hoje mesmo e encontre empresas que est√£o contratando no LinkedIn.</p><p class=""spinmail-quill-editor__spin-break""><br></p><p class=""spinmail-quill-editor__spin-break"">Estamos juntos nessa,</p><p class=""spinmail-quill-editor__spin-break"">Esther, LinkedIn</p>"
448,"<p class=""spinmail-quill-editor__spin-break"">Ol√° Jones,</p><p class=""spinmail-quill-editor__spin-break""><br></p><p class=""spinmail-quill-editor__spin-break"">Com o <strong>Robotic Process Automation (RPA)</strong> otimize o tempo da sua equipe de trabalho para conseguir o foco em atividades produtivas.</p><p class=""spinmail-quill-editor__spin-break""><br></p><p class=""spinmail-quill-editor__spin-break"">De acordo com a WorkMarket, 78% dos l√≠deres de neg√≥cios dizem que com a automa√ß√£o, voc√™ pode otimizar as atividades economizando at√© mais de 3 horas por dia.</p><p class=""spinmail-quill-editor__spin-break""><br></p><p class=""spinmail-quill-editor__spin-break"">Com este guia, voc√™ conhecer√° a solu√ß√£o para reduzir custos, minimizar erros e liberar seus funcion√°rios de tarefas administrativas repetitivas.</p><p class=""spinmail-quill-editor__spin-break""><br></p><p class=""spinmail-quill-editor__spin-break""><a rel=""noopener"" href=""https://ad.doubleclick.net/ddm/trackclk/N1114924.158707LINKEDIN/B24233579.274200995;dc_trk_aid=468821127;dc_trk_cid=132946790;dc_lat=;dc_rdid=;tag_for_child_directed_treatment=;tfua=?li_fat_id=33d774f0-720a-4435-941f-d543e90d633a"" target=""_blank"">Saiba mais</a> sobre o <strong>IBM Digital Business Automation</strong>.</p>"
